CB,L. GIANETTI,ARGENTINA,VÉLEZ SARSFIELD,27,80,6,77
CB,RÉVER,BRAZIL,ATLÉTICO MINEIRO,35,70,6,77
LWF,BERNARD,BRAZIL,EVERTON B,28,78,4,77
LB,H. KALDIRIM,TURKEY,İSTANBUL BAŞAKŞEHİR,31,77,5,77
DMF,WILLIAN ARÃO,BRAZIL,FLAMENGO,28,72,6,77
LB,RENÊ,BRAZIL,FLAMENGO,28,83,6,77
AMF,VINÍCIUS GOES,BRAZIL,CEARÁ,29,78,5,77
RB,D. SIDIBÉ,FRANCE,MONACO,28,83,6,77
CB,V. CHIRICHEŞ,ROMANIA,SASSUOLO,31,75,5,77
CMF,V. DARIDA,CZECH REPUBLIC,FREE AGENTS,30,70,7,77
CMF,MOISÉS,BRAZIL,SHANDONG LUNENG,32,74,5,77
LB,ESCUDERO,SPAIN,SEVILLA NERVIÓN BR,31,74,5,77
CB,I. TRAORÉ,CÔTE D'IVOIRE,ANGERS,34,68,5,77
RMF,ROBERTO TORRES,SPAIN,PAMPLONA RA,31,73,6,77
RB,M. WEISER,GERMANY,BAYER LEVERKUSEN,26,86,5,77
DMF,R. NEUSTÄDTER,RUSSIA,DINAMO MOSKVA,32,72,5,77
CF,M. UTH,GERMANY,SCHALKE 04,29,75,5,77
LB,R. HAPS,NETHERLANDS,FEYENOORD,27,83,4,77
CB,I. KUTEPOV,RUSSIA,SPARTAK MOSKVA,27,68,4,77
CMF,A. DUNCAN,GHANA,FIORENTINA,27,79,4,77
CF,A. CORNELIUS,DENMARK,PARMA,27,75,4,77
GK,A. GOMIS,SENEGAL,RENNES,27,61,5,77
RB,N. CLYNE,ENGLAND,CRYSTAL PALACE RB,29,79,4,77
CMF,M. BENASSI,ITALY,HELLAS VERONA,26,76,4,77
CF,A. FINNBOGASON,ICELAND,FREE AGENTS,31,72,6,77
LMF,RUBÉN GARCÍA,SPAIN,PAMPLONA RA,27,78,6,77
RB,RICARDO ESGAIO,PORTUGAL,SPORTING BRAGA,27,75,6,77
RB,RUBÉN PEÑA,SPAIN,VILLARREAL A,29,83,4,77
SS,G. HAUCHE,ARGENTINA,ARGENTINOS JUNIORS,34,85,5,77
CMF,M. LEMINA,GABON,FULHAM W,27,78,5,77
CF,V. GERMAIN,FRANCE,OLYMPIQUE MARSEILLE,30,76,5,77
CF,ALAN,BRAZIL,BEIJING GUOAN,31,76,6,77
RMF,V. LAZARO,AUSTRIA,FREE AGENTS,24,87,4,77
RMF,ALEIX VIDAL,SPAIN,SEVILLA NERVIÓN BR,31,84,5,77
LB,ALBERTO MORENO,SPAIN,VILLARREAL A,28,84,4,77
CF,PABLO,BRAZIL,SÃO PAULO,28,76,5,77
CB,K. AYHAN,TURKEY,SASSUOLO,26,76,5,77
CB,W. HOEDT,NETHERLANDS,LAZIO,26,71,5,77
RB,K. TETE,NETHERLANDS,FULHAM W,25,78,4,77
RB,T. KĘDZIORA,POLAND,DYNAMO KYIV,26,82,7,77
RWF,Y. BOLASIE,CONGO DR,EVERTON B,31,85,3,77
CF,D. GAYLE,ENGLAND,NEWCASTLE WB,30,85,4,77
CB,C. MBEMBA,CONGO DR,PORTO,26,76,3,77
CF,F. SMOLOV,RUSSIA,LOKOMOTIV MOSKVA,30,74,4,77
LMF,D. LAXALT,URUGUAY,CELTIC,27,87,4,77
SS,A. RUIZ,ARGENTINA,ARSENAL,27,68,3,77
RB,R. SARAVIA,ARGENTINA,INTERNACIONAL,27,83,5,77
CMF,G. ESCALANTE,ARGENTINA,LAZIO,27,78,5,77
DMF,É. BALANTA,COLOMBIA,CLUB BRUGGE,27,79,6,77
LMF,M. GARCÍA,ARGENTINA,GIMNASIA LA PLATA,29,80,6,77
RWF,SUSO,SPAIN,SEVILLA NERVIÓN BR,27,75,6,80
CB,C. COADY,ENGLAND,WOLVERHAMPTON YB,27,70,5,80
CF,R. QUAISON,SWEDEN,FREE AGENTS,27,77,5,80
CB,L. LÓPEZ,ARGENTINA,BOCA JUNIORS,31,75,7,80
CB,G. GÓMEZ,PARAGUAY,FREE AGENTS,27,72,6,80
CF,WILLIAN JOSÉ,BRAZIL,VASCO GIPUZKOA AB,29,74,5,80
CB,A. MANDI,ALGERIA,SEVILLA TRIANA VB,29,76,5,80
GK,TIAGO VOLPI,BRAZIL,SÃO PAULO,30,68,6,80
LB,DOUGLAS SANTOS,BRAZIL,ZENIT,26,81,5,80
LB,L. SHAW,ENGLAND,MANCHESTER UNITED,25,83,5,80
CB,RAFAEL TOLÓI,BRAZIL,ATALANTA,30,76,5,80
LB,S. KOLAŠINAC,BOSNIA AND HERZEGOVINA,ARSENAL,27,81,4,80
CB,J. EGAN,IRELAND,SHEFFIELD RB,28,70,5,80
CMF,A. DOUCOURÉ,FRANCE,EVERTON B,27,77,6,80
LB,M. CASCO,ARGENTINA,RIVER PLATE,32,84,5,80
CF,I. SLIMANI,ALGERIA,LEICESTER B,32,74,5,80
LB,L. KURZAWA,FRANCE,PSG,28,81,5,80
CMF,MANU TRIGUEROS,SPAIN,VILLARREAL A,29,74,5,80
GK,M. RYAN,AUSTRALIA,BRIGHTON WB,28,66,6,80
GK,SANTOS,BRAZIL,ATHLETICO PARANAENSE,30,67,6,80
DMF,THIAGO MENDES,BRAZIL,OLYMPIQUE LYONNAIS,28,79,4,80
CF,MORALES,SPAIN,LEVANTE RA,33,88,4,80
CMF,L. DENDONCKER,BELGIUM,WOLVERHAMPTON YB,25,70,5,80
CF,F. CAICEDO,ECUADOR,LAZIO,32,82,5,80
CF,J. KING,NORWAY,BOURNEMOUTH RB,28,91,5,80
LWF,K. BALDÉ,SENEGAL,SAMPDORIA,25,88,5,80
DMF,T. BAKAYOKO,FRANCE,NAPOLI,26,74,5,80
CB,LLORENTE,SPAIN,LEEDS W,27,75,4,80
CMF,M. PAŠALIĆ,CROATIA,ATALANTA,25,72,6,80
CB,IVÁN MARCANO,SPAIN,PORTO,33,68,5,80
CB,T. MINGS,ENGLAND,ASTON RB,27,76,5,80
RMF,AYOZE PÉREZ,SPAIN,LEICESTER B,27,77,5,80
RMF,H. HATEBOER,NETHERLANDS,ATALANTA,26,85,5,80
GK,T. HEATON,ENGLAND,ASTON RB,34,62,5,80
GK,R. OLSEN,SWEDEN,EVERTON B,30,63,5,80
CF,B. EMBOLO,SWITZERLAND,FREE AGENTS,23,88,5,80
CB,S. GIGOT,FRANCE,SPARTAK MOSKVA,27,74,5,80
RWF,SAMU CASTILLEJO,SPAIN,MILANO RN,25,86,5,80
CF,K. TOKO EKAMBI,CAMEROON,OLYMPIQUE LYONNAIS,28,83,5,80
CF,P. SCHICK,CZECH REPUBLIC,BAYER LEVERKUSEN,24,78,5,80
CB,D. RUGANI,ITALY,RENNES,26,75,4,80
GK,P. GOLLINI,ITALY,ATALANTA,25,66,5,80
DMF,OMAR MASCARELL,SPAIN,SCHALKE 04,27,71,6,80
RWF,LUCAS VÁZQUEZ,SPAIN,MADRID CHAMARTIN B,29,83,5,80
CMF,JOAN JORDÁN,SPAIN,SEVILLA NERVIÓN BR,26,75,6,80
GK,N. POPE,ENGLAND,BURNLEY RB,28,57,5,80
RB,L. DUBOIS,FRANCE,OLYMPIQUE LYONNAIS,26,81,5,80
CF,R. BORRÉ,COLOMBIA,RIVER PLATE,25,84,5,80
CB,E. BAILLY,CÔTE D'IVOIRE,MANCHESTER UNITED,26,80,4,80
CMF,M. OZDOEV,RUSSIA,ZENIT,28,81,6,80
CB,M. AKANJI,SWITZERLAND,FREE AGENTS,25,80,4,81
CB,N. ELVEDI,SWITZERLAND,FREE AGENTS,24,85,5,81
CMF,S. SENSI,ITALY,LOMBARDIA NA,25,71,5,81
CB,HERMOSO,SPAIN,MADRID ROSAS RB,25,85,5,81
RWF,RAPHINHA,BRAZIL,LEEDS W,24,87,5,81
CB,J. KOUNDÉ,FRANCE,SEVILLA NERVIÓN BR,22,78,5,81
CMF,R. FREULER,SWITZERLAND,ATALANTA,28,77,6,81
GK,D. HENDERSON,ENGLAND,MANCHESTER UNITED,23,64,6,81
CF,L. JOVIĆ,SERBIA,MADRID CHAMARTIN B,23,83,5,81
RB,D. DUMFRIES,NETHERLANDS,PSV,24,84,6,81
LB,K. TIERNEY,SCOTLAND,ARSENAL,23,88,5,81
LWF,H. LOZANO,MEXICO,NAPOLI,25,88,4,81
CMF,H. VANAKEN,BELGIUM,CLUB BRUGGE,28,71,7,81
CB,T. KEHRER,GERMANY,PSG,24,82,5,81
AMF,A. HARIT,MOROCCO,SCHALKE 04,23,80,5,81
RWF,DAVID NERES,BRAZIL,AJAX,23,85,4,81
CB,LUIZ FELIPE,BRAZIL,LAZIO,23,79,5,81
CF,D. CALVERT-LEWIN,ENGLAND,EVERTON B,23,85,6,81
DMF,S. LOBOTKA,SLOVAKIA,NAPOLI,26,71,6,81
CB,G. DZHIKIYA,RUSSIA,SPARTAK MOSKVA,27,79,6,81
DMF,D. DEMME,GERMANY,NAPOLI,29,75,7,81
RMF,FERRAN TORRES,SPAIN,MANCHESTER B,20,86,5,81
LWF,VINÍCIUS JÚNIOR,BRAZIL,MADRID CHAMARTIN B,20,86,4,81
CMF,BRUNO GUIMARÃES,BRAZIL,OLYMPIQUE LYONNAIS,23,77,5,81
DMF,L. MARTÍNEZ,ARGENTINA,AJAX,22,76,6,81
AMF,M. MOUNT,ENGLAND,CHELSEA B,21,75,5,81
AMF,N. VLAŠIĆ,CROATIA,CSKA MOSKVA,23,80,5,81
RWF,RODRYGO,BRAZIL,MADRID CHAMARTIN B,19,86,5,81
RB,Y. ATAL,ALGERIA,NICE,24,90,5,81
RWF,D. KULUSEVSKI,SWEDEN,JUVENTUS,20,85,6,81
CF,V. OSIMHEN,NIGERIA,NAPOLI,22,91,6,81
AMF,W. SNEIJDER,NETHERLANDS,AL ITTIHAD,35,75,5,81
DMF,GABI,SPAIN,AL SADD,37,68,6,81
RWF,HULK,BRAZIL,SHANGHAI SIPG,34,80,7,81
SS,S. GIOVINCO,ITALY,AL HILAL,33,77,7,81
CF,A. MODESTE,FRANCE,SHANDONG LUNENG,31,81,6,81
CMF,A. WITSEL,BELGIUM,SHANDONG LUNENG,30,76,6,81
LWF,S. EL SHAARAWY,ITALY,SHANGHAI SHENHUA,28,84,5,81
AMF,TALISCA,BRAZIL,GUANGZHOU EVERGRANDE,26,82,8,81
AMF,GIULIANO,BRAZIL,AL NASSR,30,80,6,81
GK,G. BUFFON,ITALY,JUVENTUS,42,54,4,80
RMF,JOAQUÍN,SPAIN,SEVILLA TRIANA VB,39,78,6,80
RWF,A. ROBBEN,NETHERLANDS,GRONINGEN,36,78,6,80
CMF,J. MILNER,ENGLAND,LIVERPOOL R,34,70,5,80
CMF,M. FERNANDES,PORTUGAL,KAYSERİSPOR,34,72,5,80
GK,B. COSTIL,FRANCE,BORDEAUX,33,58,5,80
CF,P. GUERRERO,PERU,INTERNACIONAL,36,74,7,80
AMF,RAÚL GARCÍA,SPAIN,BILBAO BR,34,76,5,80
CF,K. GAMEIRO,FRANCE,VALENCIA BN,33,85,4,80
CMF,M. HAMŠÍK,SLOVAKIA,DALIAN PRO,33,70,6,80
RMF,D. BROOKS,WALES,BOURNEMOUTH RB,23,78,5,78
CMF,N. DOMÍNGUEZ,ARGENTINA,BOLOGNA,22,76,6,78
DMF,S. BERGE,NORWAY,SHEFFIELD RB,22,77,5,78
CMF,A. EROKHIN,RUSSIA,ZENIT,31,75,5,78
LMF,CUCURELLA,SPAIN,GETAFE A,22,85,5,78
CB,J. BEDNAREK,POLAND,SOUTHAMPTON RW,24,75,4,78
LMF,E. BARDHI,NORTH MACEDONIA,LEVANTE RA,25,73,4,78
CB,UNAI NÚÑEZ,SPAIN,BILBAO BR,23,73,5,78
DMF,B. SOUMARÉ,FRANCE,LILLE,21,78,5,78
CF,RAFAEL LEÃO,PORTUGAL,MILANO RN,21,88,5,78
GK,J. OMLIN,SWITZERLAND,MONTPELLIER,26,60,6,78
CB,C. LUYINDAMA,CONGO DR,GALATASARAY,26,77,6,78
GK,VAN CROMBRUGGE,BELGIUM,ANDERLECHT,27,62,6,78
CF,M. SAMATTA,TANZANIA,FENERBAHÇE,28,83,5,78
RB,J. MÆHLE,DENMARK,GENK,23,86,6,78
LMF,L. TROSSARD,BELGIUM,BRIGHTON WB,26,82,5,78
RB,N. MAZRAOUI,MOROCCO,AJAX,23,80,4,78
LWF,L. DÍAZ,COLOMBIA,PORTO,23,90,6,78
CMF,E. ELMAS,NORTH MACEDONIA,NAPOLI,21,75,6,78
CMF,İ. KAHVECI,TURKEY,İSTANBUL BAŞAKŞEHİR,25,75,6,78
AMF,Y. YAZICI,TURKEY,LILLE,23,76,5,78
RMF,K. DIATTA,SENEGAL,CLUB BRUGGE,21,88,6,78
DMF,J. CAMPUZANO,COLOMBIA,BOCA JUNIORS,24,77,6,78
CMF,I. OBLYAKOV,RUSSIA,CSKA MOSKVA,22,75,4,78
RB,S. PETROV,RUSSIA,KRASNODAR,29,81,6,78
RB,M. ÇELIK,TURKEY,LILLE,23,81,5,78
DMF,D. LE TALLEC,FRANCE,MONTPELLIER,30,73,6,78
CMF,S. SERDAR,GERMANY,SCHALKE 04,23,78,5,78
RB,R. JAMES,ENGLAND,CHELSEA B,21,80,6,78
RMF,S. CHUKWUEZE,NIGERIA,VILLARREAL A,21,88,5,78
CB,FERRO,PORTUGAL,BENFICA,23,72,5,78
LB,P. MAX,GERMANY,PSV,27,78,5,78
CB,T. VERMAELEN,BELGIUM,VISSEL KOBE,35,70,4,78
RWF,N. AMRABAT,MOROCCO,AL NASSR,33,77,6,78
CF,DJANINY TAVARES,CAPE VERDE,AL AHLI SAUDI,29,86,7,78
AMF,JONATHAN VIERA,SPAIN,BEIJING FC,31,77,8,78
AMF,O. ABDULRAHMAN,UNITED ARAB EMIRATES,AL AIN,28,80,5,78
CF,OMAR AL SOMAH,SYRIA,AL AHLI,30,76,7,78
GK,PEPE REINA,SPAIN,LAZIO,38,62,5,77
CB,BRUNO ALVES,PORTUGAL,PARMA,39,63,5,77
GK,PICHU CUÉLLAR,SPAIN,LEGANÉS AB,36,53,5,77
GK,C. BRAVO,CHILE,SEVILLA TRIANA VB,37,64,3,77
LWF,T. INUI,JAPAN,EIBAR AR,32,79,4,77
CF,R. PALACIO,ARGENTINA,BOLOGNA,38,77,4,77
CB,D. CONGRÉ,FRANCE,MONTPELLIER,35,70,6,77
CF,DIEGO TARDELLI,BRAZIL,ATLÉTICO MINEIRO,35,80,5,77
CF,S. OKAKA,ITALY,UDINESE,31,80,5,77
CMF,M. NOBLE,ENGLAND,WEST HAM RB,33,66,5,77
CF,K. BOATENG,GHANA,MONZA,33,74,5,77
GK,T. KRUL,NETHERLANDS,NORWICH YG,32,56,5,77
CF,Y. POULSEN,DENMARK,FREE AGENTS,26,84,5,80
DMF,J. HECTOR,GERMANY,FREE AGENTS,30,79,7,80
CB,G. MANCINI,ITALY,ROMA,24,77,6,80
GK,M. SELS,BELGIUM,STRASBOURG,28,62,6,80
RWF,V. TSYGANKOV,UKRAINE,DYNAMO KYIV,23,87,5,80
CB,YERAY,SPAIN,BILBAO BR,25,75,6,80
SS,M. MAREGA,MALI,PORTO,29,86,6,80
AMF,R. MALINOVSKYI,UKRAINE,ATALANTA,27,72,5,80
LWF,J. BOGA,CÔTE D'IVOIRE,SASSUOLO,23,83,5,80
DMF,H. WINKS,ENGLAND,TOTTENHAM WB,24,78,5,80
CMF,F. KESSIÉ,CÔTE D'IVOIRE,MILANO RN,24,79,4,80
LWF,DIOGO JOTA,PORTUGAL,LIVERPOOL R,24,81,5,80
DMF,ZAMBO ANGUISSA,CAMEROON,FULHAM W,25,75,5,80
CF,ANDRÉ SILVA,PORTUGAL,FREE AGENTS,25,82,5,80
DMF,I. BENNACER,ALGERIA,MILANO RN,23,77,5,80
CMF,RENATO SANCHES,PORTUGAL,LILLE,23,78,4,80
CMF,E. PALACIOS,ARGENTINA,BAYER LEVERKUSEN,22,79,6,80
CB,I. DIOP,FRANCE,WEST HAM RB,23,73,5,80
GK,A. LAFONT,FRANCE,NANTES,21,67,5,80
CF,A. SØRLOTH,NORWAY,FREE AGENTS,25,84,6,80
GK,O. VLACHODIMOS,GREECE,BENFICA,26,71,7,80
CF,A. MORELOS,COLOMBIA,RANGERS,24,79,6,80
RWF,R. ORSOLINI,ITALY,BOLOGNA,23,84,5,80
AMF,LUCAS PAQUETÁ,BRAZIL,OLYMPIQUE LYONNAIS,23,78,3,80
RMF,M. LAZZARI,ITALY,LAZIO,27,85,6,80
CMF,J. MCGINN,SCOTLAND,ASTON RB,26,76,6,80
LB,REGUILÓN,SPAIN,TOTTENHAM WB,24,82,6,80
RB,ODRIOZOLA,SPAIN,MADRID CHAMARTIN B,25,88,4,80
DMF,J. WEIGL,GERMANY,BENFICA,25,65,6,80
LB,O. ZINCHENKO,UKRAINE,MANCHESTER B,24,73,5,80
GK,D. LIVAKOVIĆ,CROATIA,DINAMO ZAGREB,25,58,6,80
AMF,J. IKONÉ,FRANCE,LILLE,22,88,5,80
CB,A. BASTONI,ITALY,LOMBARDIA NA,21,77,6,80
CMF,P. FODEN,ENGLAND,MANCHESTER B,20,78,5,80
CB,B. KAMARA,FRANCE,OLYMPIQUE MARSEILLE,21,77,6,80
CB,PAU TORRES,SPAIN,VILLARREAL A,23,75,5,80
CMF,J. FLECK,SCOTLAND,SHEFFIELD RB,29,73,6,80
LMF,V. CLAESSON,SWEDEN,KRASNODAR,28,78,6,80
RWF,C. ÜNDER,TURKEY,LEICESTER B,23,84,5,80
CMF,S. MCTOMINAY,SCOTLAND,MANCHESTER UNITED,24,79,6,80
CMF,K. LAIMER,AUSTRIA,FREE AGENTS,23,83,6,80
AMF,N. DE LA CRUZ,URUGUAY,RIVER PLATE,23,81,6,80
LB,JUNIOR FIRPO,SPAIN,FC BARCELONA,24,86,5,80
CB,A. MARTYNOVICH,BELARUS,KRASNODAR,33,72,6,80
CB,D. ĆALETA-CAR,CROATIA,OLYMPIQUE MARSEILLE,24,79,6,80
CF,K. PIĄTEK,POLAND,FREE AGENTS,25,79,5,80
RWF,M. GREENWOOD,ENGLAND,MANCHESTER UNITED,19,81,5,80
RB,S. DEST,USA,FC BARCELONA,20,88,6,80
CF,B. GOMIS,FRANCE,AL HILAL,35,71,7,80
CMF,RENATO AUGUSTO,BRAZIL,BEIJING FC,32,69,8,80
CF,B. BOUNEDJAH,ALGERIA,AL SADD,29,76,7,79
CMF,E. BELÖZOĞLU,TURKEY,FREE AGENTS,40,57,7,78
AMF,A. D'ALESSANDRO,ARGENTINA,INTERNACIONAL,39,69,6,78
LWF,R. BABEL,NETHERLANDS,GALATASARAY,34,80,5,78
LWF,M. RODRÍGUEZ,ARGENTINA,NEWELL'S OLD BOYS,39,72,4,78
DMF,L. PONZIO,ARGENTINA,RIVER PLATE,38,71,5,78
RB,JUANFRAN,SPAIN,SÃO PAULO,35,81,4,78
CB,HILTON,BRAZIL,MONTPELLIER,43,64,7,78
AMF,H. BEN ARFA,FRANCE,BORDEAUX,33,80,4,78
CF,G. PELLÈ,ITALY,SHANDONG LUNENG,35,62,8,78
GK,MOYÀ,SPAIN,VASCO GIPUZKOA AB,36,57,5,78
GK,DIEGO LÓPEZ,SPAIN,LLOBREGAT AB,39,62,4,78
AMF,K. HONDA,JAPAN,BOTAFOGO,34,72,5,78
AMF,T. MINAMINO,JAPAN,LIVERPOOL R,25,83,5,78
LB,ADRIANO,BRAZIL,KAS EUPEN,36,72,6,78
DMF,M. VELOSO,PORTUGAL,HELLAS VERONA,34,72,4,78
CB,A. MASIELLO,ITALY,GENOA,34,72,6,78
CMF,M. DEMBÉLÉ,BELGIUM,GUANGZHOU R&F,33,72,6,78
CB,G. CAHILL,ENGLAND,CRYSTAL PALACE RB,35,67,5,78
GK,R. JARSTEIN,NORWAY,FREE AGENTS,36,70,8,78
DMF,A. ROMAO,TOGO,GUINGAMP,36,71,7,78
RB,RAFINHA,BRAZIL,OLYMPIAKOS PIRAEUS,35,74,6,78
CF,ÉDER,ITALY,JIANGSU SUNING,34,82,7,78
AMF,R. EREMENKO,FINLAND,ROSTOV,33,78,6,78
LB,A. YOUNG,ENGLAND,LOMBARDIA NA,35,78,5,78
DMF,L. BIGLIA,ARGENTINA,FATİH KARAGÜMRÜK,34,65,5,78
CMF,V. ODJIDJA-OFOE,BELGIUM,GENT,31,73,7,78
DMF,P. DIOP,SENEGAL,EIBAR AR,34,77,4,78
CF,B. YILMAZ,TURKEY,LILLE,35,79,6,78
CB,F. FAZIO,ARGENTINA,ROMA,33,68,6,78
CF,D. MBOKANI,CONGO DR,ANTWERP,35,76,6,78
RMF,J. BŁASZCZYKOWSKI,POLAND,FREE AGENTS,35,80,5,78
SS,M. ZÁRATE,ARGENTINA,BOCA JUNIORS,33,76,4,78
GK,F. FORSTER,ENGLAND,SOUTHAMPTON RW,32,46,6,78
GK,O. KARNEZIS,GREECE,LILLE,35,59,5,78
CB,M. CÁCERES,URUGUAY,FIORENTINA,33,77,5,78
CF,ARI,RUSSIA,KRASNODAR,35,78,5,78
RWF,N. AMRABAT,MOROCCO,FREE AGENTS,33,77,6,78
RB,M. DARMIAN,ITALY,LOMBARDIA NA,31,77,5,78
LB,D. ROSE,ENGLAND,FREE AGENTS,30,80,4,78
DMF,T. RINCÓN,VENEZUELA,TORINO,32,74,5,78
LWF,LAUTARO ACOSTA,ARGENTINA,LANÚS,32,81,6,78
CF,I. SCOCCO,ARGENTINA,NEWELL'S OLD BOYS,35,71,5,78
RMF,A. YARMOLENKO,UKRAINE,WEST HAM RB,31,79,5,78
CF,D. MORENO,COLOMBIA,ONCE CALDAS,35,80,6,78
DMF,M. BADELJ,CROATIA,GENOA,31,72,4,78
RB,RAFAEL,BRAZIL,İSTANBUL BAŞAKŞEHİR,30,77,4,78
GK,GUAITA,SPAIN,CRYSTAL PALACE RB,33,62,6,78
LB,COTE,SPAIN,EIBAR AR,31,79,5,78
CMF,A. DZAGOEV,RUSSIA,CSKA MOSKVA,30,75,4,78
CB,R. HOLDING,ENGLAND,ARSENAL,25,69,5,77
CB,A. DISASI,FRANCE,MONACO,22,75,5,77
CMF,M. URIBE,COLOMBIA,PORTO,29,74,5,77
LB,P. ESTUPIÑÁN,ECUADOR,VILLARREAL A,22,83,5,77
LWF,IÑIGO CÓRDOBA,SPAIN,BILBAO BR,23,77,4,77
GK,G. LARSONNEUR,FRANCE,BREST,23,62,6,77
DMF,K. PHILLIPS,ENGLAND,LEEDS W,25,70,8,77
LB,AYRTON,BRAZIL,SPARTAK MOSKVA,23,82,5,77
CB,J. GNAGNON,FRANCE,SEVILLA NERVIÓN BR,23,72,5,77
RWF,R. DEL CASTILLO,FRANCE,RENNES,24,79,5,77
CB,A. RRAHMANI,KOSOVO,NAPOLI,26,76,5,77
RB,YAGO PIKACHU,BRAZIL,VASCO DA GAMA,28,86,6,77
CMF,D. SOW,SWITZERLAND,FREE AGENTS,23,78,5,77
LWF,A. ZENELI,KOSOVO,STADE DE REIMS,25,80,5,77
GK,J. BIJLOW,NETHERLANDS,FEYENOORD,22,63,3,77
AMF,F. BELLUSCHI,ARGENTINA,LANÚS,37,70,3,77
CMF,LÉO SENA,BRAZIL,SPEZIA,25,71,6,77
CMF,EVANDER,BRAZIL,MIDTJYLLAND,22,75,6,77
AMF,V. KOVALENKO,UKRAINE,SHAKHTAR DONETSK,24,75,5,77
GK,W. FARIÑEZ,VENEZUELA,RC LENS,22,70,6,77
CF,D. OKEREKE,NIGERIA,CLUB BRUGGE,23,87,6,77
CMF,D. LIÉNARD,FRANCE,STRASBOURG,32,73,5,77
CB,ARIDANE,SPAIN,PAMPLONA RA,31,72,5,77
AMF,M. MANCOSU,ITALY,LECCE,32,76,5,77
LWF,LUIZ ARAUJO,BRAZIL,LILLE,24,85,4,77
CMF,ALLAN,BRAZIL,ATLÉTICO MINEIRO,23,74,6,77
CB,A. WEBSTER,ENGLAND,BRIGHTON WB,25,75,5,77
LWF,M. ELYOUNOUSSI,NORWAY,CELTIC,26,75,6,77
RWF,R. OUDIN,FRANCE,BORDEAUX,24,81,5,77
RB,P. LIROLA,SPAIN,FIORENTINA,23,79,5,77
CF,I. SANTINI,CROATIA,JIANGSU SUNING,31,70,6,77
RMF,J. BOWEN,ENGLAND,WEST HAM RB,24,79,6,77
CB,M. SARR,FRANCE,PORTO,21,79,5,77
DMF,I. SANGARÉ,CÔTE D'IVOIRE,PSV,23,72,5,77
CMF,L. ROBERTONE,ARGENTINA,ALMERÍA RB,23,77,5,77
CF,S. LAMMERS,NETHERLANDS,ATALANTA,23,77,6,77
LB,O. WIJNDAL,NETHERLANDS,AZ,21,84,5,77
CF,M. KEAN,ITALY,PSG,20,79,4,77
LB,F. BALLO-TOURÉ,FRANCE,MONACO,23,84,4,77
AMF,E. EZE,ENGLAND,CRYSTAL PALACE RB,22,80,8,77
GK,A. RAMSDALE,ENGLAND,SHEFFIELD RB,22,62,5,77
RWF,PEDRINHO,BRAZIL,BENFICA,22,77,6,77
CMF,A. BARÁK,CZECH REPUBLIC,HELLAS VERONA,26,72,5,77
DMF,DOUGLAS LUIZ,BRAZIL,ASTON RB,22,74,4,77
CB,M. NGADEU-NGADJUI,CAMEROON,GENT,30,73,6,77
SS,M. GREGORITSCH,AUSTRIA,FREE AGENTS,26,77,4,77
AMF,M. GAĆINOVIĆ,SERBIA,FREE AGENTS,25,81,4,77
CB,M. MATVIENKO,UKRAINE,SHAKHTAR DONETSK,24,80,5,77
RMF,S. KALU,NIGERIA,BORDEAUX,23,84,5,77
LMF,H. ONYEKURU,NIGERIA,MONACO,23,91,4,77
RB,ZALDÚA,SPAIN,VASCO GIPUZKOA AB,28,75,5,78
CB,G. MARIPÁN,CHILE,MONACO,26,70,5,78
LWF,S. BENRAHMA,ALGERIA,WEST HAM RB,25,83,7,78
GK,JAUME DOMÉNECH,SPAIN,VALENCIA BN,30,68,6,78
CB,LÉO PEREIRA,BRAZIL,FLAMENGO,24,76,6,78
CB,Y. MINA,COLOMBIA,EVERTON B,26,76,6,78
CB,J. ALONSO,PARAGUAY,ATLÉTICO MINEIRO,27,77,6,78
DMF,R. MANDRAGORA,ITALY,UDINESE,23,74,5,78
AMF,C. VILLANUEVA,CHILE,PALESTINO,34,71,5,78
RWF,IAGO FALQUÉ,SPAIN,BENEVENTO,30,79,5,78
RMF,OTÁVIO,BRAZIL,PORTO,25,81,6,78
GK,WEVERTON,BRAZIL,FREE AGENTS,33,68,6,78
CMF,A. MOOY,AUSTRALIA,FREE AGENTS,30,74,5,78
CB,R. ARBOLEDA,ECUADOR,SÃO PAULO,29,76,6,78
CB,B. MEE,ENGLAND,BURNLEY RB,31,69,5,78
RB,CAPA,SPAIN,BILBAO BR,28,74,5,78
CB,H. MAGNÚSSON,ICELAND,CSKA MOSKVA,27,77,5,78
LWF,M. ORŠIĆ,CROATIA,DINAMO ZAGREB,28,93,6,78
CB,J. LASCELLES,ENGLAND,NEWCASTLE WB,27,68,5,78
CB,Z. FEDDAL,MOROCCO,SPORTING CP,31,66,4,78
LMF,F. TAIT,FRANCE,RENNES,27,77,5,78
CF,M. BERG,SWEDEN,KRASNODAR,34,75,7,78
RB,K. MBABU,SWITZERLAND,FREE AGENTS,25,96,5,78
CF,T. DEENEY,ENGLAND,WATFORD BY,32,71,6,78
LWF,DENIS SUÁREZ,SPAIN,VIGO AB,26,73,5,78
CF,MUNIR,SPAIN,SEVILLA NERVIÓN BR,25,77,5,78
CF,M. ANTONIO,ENGLAND,WEST HAM RB,30,89,5,78
RB,B. SARR,FRANCE,FC BAYERN MÜNCHEN,28,85,5,78
DMF,OTÁVIO,BRAZIL,BORDEAUX,26,72,6,78
RB,A. CONTI,ITALY,MILANO RN,26,84,4,78
GK,G. ARIAS,CHILE,RACING CLUB,33,64,6,78
CF,S. GUIRASSY,FRANCE,RENNES,24,80,6,78
CB,A. DJIKU,FRANCE,STRASBOURG,26,80,6,78
CB,R. SAÏSS,MOROCCO,WOLVERHAMPTON YB,30,70,5,78
CMF,ROQUE MESA,SPAIN,VALLADOLID MB,31,74,5,78
LWF,WU LEI,CHINA,LLOBREGAT AB,29,87,4,78
LB,MÁRIO RUI,PORTUGAL,NAPOLI,29,82,4,78
GK,S. PADT,NETHERLANDS,GRONINGEN,30,63,6,78
CF,K. LASAGNA,ITALY,UDINESE,28,92,5,78
CF,DYEGO SOUSA,PORTUGAL,FAMALICÃO,31,71,6,78
RMF,M. ALMIRÓN,PARAGUAY,NEWCASTLE WB,26,90,4,78
CB,M. KEANE,ENGLAND,EVERTON B,27,75,5,78
CMF,C. MCGREGOR,SCOTLAND,CELTIC,27,73,7,78
LWF,ÁLEX BERENGUER,SPAIN,BILBAO BR,25,78,5,78
CMF,L. COOK,ENGLAND,BOURNEMOUTH RB,23,73,4,78
DMF,G. RODRÍGUEZ,ARGENTINA,SEVILLA TRIANA VB,26,71,6,78
DMF,A. TOURÉ,FRANCE,NANTES,26,79,6,78
AMF,ANDREAS PEREIRA,BRAZIL,LAZIO,24,74,4,78
GK,E. AUDERO,ITALY,SAMPDORIA,23,66,5,78
DMF,S. RUDY,GERMANY,FREE AGENTS,30,75,6,78
GK,H. LLORIS,FRANCE,TOTTENHAM WB,34,63,5,86
CB,G. CHIELLINI,ITALY,JUVENTUS,36,76,6,86
CMF,L. MODRIĆ,CROATIA,MADRID CHAMARTIN B,35,72,6,86
CF,E. CAVANI,URUGUAY,MANCHESTER UNITED,33,82,6,86
DMF,M. PJANIĆ,BOSNIA AND HERZEGOVINA,FC BARCELONA,30,71,6,86
CMF,DANI PAREJO,SPAIN,VILLARREAL A,31,68,7,86
CB,THIAGO SILVA,BRAZIL,CHELSEA B,36,73,6,86
CF,R. LUKAKU,BELGIUM,LOMBARDIA NA,27,88,6,86
SS,T. MÜLLER,GERMANY,FC BAYERN MÜNCHEN,31,81,7,86
CB,S. DE VRIJ,NETHERLANDS,LOMBARDIA NA,28,75,7,86
CMF,KOKE,SPAIN,MADRID ROSAS RB,28,72,6,86
SS,J. ILIČIĆ,SLOVENIA,ATALANTA,32,77,7,86
CMF,P. POGBA,FRANCE,MANCHESTER UNITED,27,79,6,86
GK,B. LENO,GERMANY,ARSENAL,28,65,6,86
CF,M. ICARDI,ARGENTINA,PSG,27,83,6,86
RWF,H. ZIYECH,MOROCCO,CHELSEA B,27,80,6,86
CB,A. LAPORTE,FRANCE,MANCHESTER B,26,74,5,86
CB,J. GIMÉNEZ,URUGUAY,MADRID ROSAS RB,25,76,6,86
RWF,R. MAHREZ,ALGERIA,MANCHESTER B,29,84,8,86
CMF,LUIS ALBERTO,SPAIN,LAZIO,28,75,7,86
DMF,FABINHO,BRAZIL,LIVERPOOL R,27,76,5,86
CF,J. VARDY,ENGLAND,LEICESTER B,33,87,6,86
LWF,L. SANÉ,GERMANY,FC BAYERN MÜNCHEN,24,96,6,86
CB,C. LENGLET,FRANCE,FC BARCELONA,25,77,5,86
CMF,S. MILINKOVIĆ-SAVIĆ,SERBIA,LAZIO,25,77,5,86
CB,M. ŠKRINIAR,SLOVAKIA,LOMBARDIA NA,25,75,6,86
CB,M. DE LIGT,NETHERLANDS,JUVENTUS,21,77,4,86
CB,N. SÜLE,GERMANY,FC BAYERN MÜNCHEN,25,76,6,86
CF,T. WERNER,GERMANY,CHELSEA B,24,92,6,86
RWF,J. SANCHO,ENGLAND,FREE AGENTS,20,90,6,86
DMF,FERNANDINHO,BRAZIL,MANCHESTER B,35,73,6,85
CB,L. BONUCCI,ITALY,JUVENTUS,33,72,5,85
AMF,DAVID SILVA,SPAIN,VASCO GIPUZKOA AB,34,71,6,85
CMF,G. WIJNALDUM,NETHERLANDS,LIVERPOOL R,30,81,5,85
CMF,I. RAKITIĆ,CROATIA,SEVILLA NERVIÓN BR,32,71,5,85
CF,E. DŽEKO,BOSNIA AND HERZEGOVINA,ROMA,34,71,7,85
DMF,A. WITSEL,BELGIUM,FREE AGENTS,31,76,7,85
GK,P. GULÁCSI,HUNGARY,FREE AGENTS,30,59,7,85
CB,T. ALDERWEIRELD,BELGIUM,TOTTENHAM WB,31,72,5,85
GK,K. NAVAS,COSTA RICA,PSG,34,53,6,85
CF,D. MERTENS,BELGIUM,NAPOLI,33,84,6,85
CB,K. MANOLAS,GREECE,NAPOLI,29,84,6,85
CMF,J. HENDERSON,ENGLAND,LIVERPOOL R,30,75,7,85
LB,JORDI ALBA,SPAIN,FC BARCELONA,31,92,5,85
AMF,C. ERIKSEN,DENMARK,LOMBARDIA NA,28,75,6,85
CMF,R. NAINGGOLAN,BELGIUM,LOMBARDIA NA,32,76,6,85
CF,W. BEN YEDDER,FRANCE,MONACO,30,78,7,85
AMF,ISCO,SPAIN,MADRID CHAMARTIN B,28,75,5,85
AMF,A. GÓMEZ,ARGENTINA,ATALANTA,32,83,6,85
AMF,P. COUTINHO,BRAZIL,FC BARCELONA,28,80,5,85
CMF,A. GUARDADO,MEXICO,SEVILLA TRIANA VB,34,75,4,80
CB,JOSÉ FONTE,PORTUGAL,LILLE,37,67,6,80
CMF,R. VORMER,NETHERLANDS,CLUB BRUGGE,32,71,7,80
LB,NACHO MONREAL,SPAIN,VASCO GIPUZKOA AB,34,73,5,80
CB,V. ĆORLUKA,CROATIA,LOKOMOTIV MOSKVA,34,73,6,80
CB,SOKRATIS,GREECE,ARSENAL,32,79,5,80
LB,D. CRISCITO,ITALY,GENOA,34,77,7,80
AMF,MATA,SPAIN,MANCHESTER UNITED,32,70,5,80
CMF,ADRIEN SILVA,PORTUGAL,SAMPDORIA,31,71,5,80
GK,CÁSSIO,BRAZIL,CORINTHIANS,33,62,5,80
CB,M. MUSACCHIO,ARGENTINA,MILANO RN,30,77,4,80
RMF,A. CANDREVA,ITALY,SAMPDORIA,33,79,5,80
CMF,IBORRA,SPAIN,VILLARREAL A,32,67,5,80
DMF,Y. M'VILA,FRANCE,OLYMPIAKOS PIRAEUS,30,73,6,80
LB,K. ASAMOAH,GHANA,FREE AGENTS,32,79,6,80
RB,D. WASS,DENMARK,VALENCIA BN,31,76,5,80
CB,D. LOVREN,CROATIA,ZENIT,31,72,6,80
CMF,G. BONAVENTURA,ITALY,FIORENTINA,31,75,5,80
CMF,K. STROOTMAN,NETHERLANDS,OLYMPIQUE MARSEILLE,30,68,5,80
RWF,PEDRO,SPAIN,ROMA,33,78,6,80
CMF,RENATO AUGUSTO,BRAZIL,BEIJING GUOAN,32,69,8,80
CF,ÁNGEL,SPAIN,GETAFE A,33,82,5,80
DMF,S. NZONZI,FRANCE,RENNES,32,69,6,80
LWF,D. PEROTTI,ARGENTINA,FENERBAHÇE,32,77,6,80
RB,Š. VRSALJKO,CROATIA,MADRID ROSAS RB,28,84,6,80
RB,S. AURIER,CÔTE D'IVOIRE,TOTTENHAM WB,28,82,5,80
GK,A. MARCHESÍN,ARGENTINA,PORTO,32,61,6,80
DMF,T. STEPANENKO,UKRAINE,SHAKHTAR DONETSK,31,71,6,80
AMF,M. LANZINI,ARGENTINA,WEST HAM RB,27,80,5,80
CF,C. BAKAMBU,CONGO DR,BEIJING GUOAN,29,89,6,80
AMF,G. RAMÍREZ,URUGUAY,SAMPDORIA,30,72,5,80
DMF,DANILO PEREIRA,PORTUGAL,PSG,29,77,7,80
AMF,M. GÖTZE,GERMANY,PSV,28,62,5,80
DMF,LUIZ GUSTAVO,BRAZIL,FENERBAHÇE,33,70,6,80
RB,M. DOHERTY,IRELAND,TOTTENHAM WB,28,82,5,80
LMF,S. LULIĆ,BOSNIA AND HERZEGOVINA,LAZIO,34,75,6,80
LB,R. RODRÍGUEZ,SWITZERLAND,TORINO,28,76,5,80
CB,D. VIDA,CROATIA,BEŞİKTAŞ,31,79,6,80
RB,DANILO,BRAZIL,JUVENTUS,29,80,5,80
CF,E. ZAHAVI,ISRAEL,PSV,33,73,8,80
GK,C. TĂTĂRUŞANU,ROMANIA,MILANO RN,34,65,5,80
CF,A. DELORT,ALGERIA,MONTPELLIER,29,79,6,80
CF,M. NIANG,SENEGAL,RENNES,26,86,5,80
CB,ÁLVARO GONZÁLEZ,SPAIN,OLYMPIQUE MARSEILLE,30,76,6,80
CB,W. BOLY,FRANCE,WOLVERHAMPTON YB,29,76,6,80
CB,S. MUSTAFI,GERMANY,ARSENAL,28,79,6,80
CMF,R. BARKLEY,ENGLAND,ASTON RB,27,77,5,80
CB,M. NASTASIĆ,SERBIA,SCHALKE 04,27,74,5,80
RWF,K. BELLARABI,GERMANY,BAYER LEVERKUSEN,30,89,5,80
CB,A. SOUMAORO,FRANCE,LILLE,28,72,5,80
RWF,B. TRAORÉ,BURKINA FASO,ASTON RB,25,84,3,79
LWF,S. DRIUSSI,ARGENTINA,ZENIT,24,81,5,79
CB,S. DELI,CÔTE D'IVOIRE,CLUB BRUGGE,29,73,6,79
CMF,M. ARAMBARRI,URUGUAY,GETAFE A,25,71,5,79
LWF,Y. SOTELDO,VENEZUELA,SANTOS,23,85,6,79
CMF,Y. GAZINSKIY,RUSSIA,KRASNODAR,31,77,5,79
CF,J. SAND,ARGENTINA,LANÚS,40,75,6,79
CMF,B. CRISTANTE,ITALY,ROMA,25,71,5,79
GK,L. SEPE,ITALY,PARMA,29,64,6,79
CB,SIDNEI,BRAZIL,SEVILLA TRIANA VB,31,76,6,79
AMF,DIEGO,BRAZIL,FLAMENGO,35,66,6,79
CF,S. GARCÍA,URUGUAY,GODOY CRUZ,30,75,5,79
CB,L. DUNK,ENGLAND,BRIGHTON WB,29,71,6,79
CMF,DANI GARCÍA,SPAIN,BILBAO BR,30,76,4,79
CMF,B. BOURIGEAUD,FRANCE,RENNES,26,74,5,79
CF,G. DEFREL,FRANCE,SASSUOLO,29,85,6,79
CB,D. DA SILVA,FRANCE,RENNES,32,75,6,79
CMF,X. CHAVALERIN,FRANCE,STADE DE REIMS,29,73,6,79
AMF,F. MOLLET,FRANCE,MONTPELLIER,29,75,6,79
GK,E. MARTÍNEZ,ARGENTINA,ASTON RB,28,63,6,79
RWF,M. CORNET,CÔTE D'IVOIRE,OLYMPIQUE LYONNAIS,24,86,4,79
CB,J. TARKOWSKI,ENGLAND,BURNLEY RB,28,68,6,79
LMF,R. FRASER,SCOTLAND,NEWCASTLE WB,26,88,5,79
AMF,J. CAZARES,ECUADOR,ATLÉTICO MINEIRO,28,78,6,79
CB,N. PALLOIS,FRANCE,NANTES,33,70,6,79
CB,Y. ABDELHAMID,MOROCCO,STADE DE REIMS,33,69,8,79
CF,M. DABBUR,ISRAEL,FREE AGENTS,28,78,6,79
CF,MATA,SPAIN,GETAFE A,32,80,5,79
CF,BORJA IGLESIAS,SPAIN,SEVILLA TRIANA VB,27,74,4,79
RB,E. HYSAJ,ALBANIA,NAPOLI,26,82,5,79
CF,G. LABORDE,FRANCE,MONTPELLIER,26,81,5,79
CMF,M. LOPEZ,FRANCE,SASSUOLO,23,73,5,79
CB,M. CALDARA,ITALY,ATALANTA,26,75,4,79
LMF,JONY,SPAIN,PAMPLONA RA,29,81,4,79
CB,J. ANDERSEN,DENMARK,FULHAM W,24,72,5,79
CB,J. O'CONNELL,ENGLAND,SHEFFIELD RB,26,71,5,79
CF,RAÚL DE TOMÁS,SPAIN,LLOBREGAT AB,26,76,7,79
GK,SERGIO RICO,SPAIN,PSG,27,61,5,79
LWF,J. BAMBA,FRANCE,LILLE,24,87,5,79
RB,R. AGUILAR,FRANCE,MONACO,27,81,4,79
CMF,N. NÁNDEZ,URUGUAY,CAGLIARI,25,78,5,79
CMF,R. LOFTUS-CHEEK,ENGLAND,FULHAM W,24,75,5,79
CMF,S. AMRABAT,MOROCCO,FIORENTINA,24,77,6,79
GK,P. RAJKOVIĆ,SERBIA,STADE DE REIMS,25,65,5,79
AMF,THIAGO GALHARDO,BRAZIL,INTERNACIONAL,31,76,6,79
GK,P. BERNARDONI,FRANCE,ANGERS,23,61,6,79
GK,ÁLEX REMIRO,SPAIN,VASCO GIPUZKOA AB,25,60,5,79
RMF,A. MARUŠIĆ,MONTENEGRO,LAZIO,28,86,4,79
GK,DAVID SORIA,SPAIN,GETAFE A,27,59,5,79
DMF,M. LOCATELLI,ITALY,SASSUOLO,22,71,5,79
CB,ALBIOL,SPAIN,VILLARREAL A,35,71,5,82
RB,DANI ALVES,BRAZIL,SÃO PAULO,37,78,7,82
CF,F. QUAGLIARELLA,ITALY,SAMPDORIA,37,70,7,82
CF,M. ARNAUTOVIĆ,AUSTRIA,SHANGHAI SIPG,31,83,8,82
GK,S. RUFFIER,FRANCE,SAINT-ÉTIENNE,34,56,6,82
CB,J. EVANS,NORTHERN IRELAND,LEICESTER B,32,73,6,82
CB,Ş. RADU,ROMANIA,LAZIO,34,77,7,82
GK,D. OSPINA,COLOMBIA,NAPOLI,32,63,5,82
CF,A. SÁNCHEZ,CHILE,LOMBARDIA NA,32,82,5,82
CF,DIEGO COSTA,SPAIN,MADRID ROSAS RB,32,81,5,82
GK,ASENJO,SPAIN,VILLARREAL A,31,66,6,82
LWF,TAISON,BRAZIL,SHAKHTAR DONETSK,32,83,6,82
CF,O. GIROUD,FRANCE,CHELSEA B,34,64,5,82
AMF,CANALES,SPAIN,SEVILLA TRIANA VB,29,86,6,82
CB,D. BLIND,NETHERLANDS,AJAX,30,72,7,82
AMF,H. MKHITARYAN,ARMENIA,ROMA,31,77,5,82
DMF,N. MATIĆ,SERBIA,MANCHESTER UNITED,32,73,6,82
CB,C. SMALLING,ENGLAND,ROMA,31,78,6,82
CMF,ANDER HERRERA,SPAIN,PSG,31,69,6,82
CF,ALEX TEIXEIRA,BRAZIL,JIANGSU SUNING,30,85,7,82
AMF,OSCAR,BRAZIL,SHANGHAI SIPG,29,77,8,82
GK,E. ANDRADA,ARGENTINA,BOCA JUNIORS,29,65,7,82
CMF,PAULINHO,BRAZIL,GUANGZHOU EVERGRANDE,32,75,6,82
RB,J. CORONA,MEXICO,PORTO,27,79,7,82
GK,B. LECOMTE,FRANCE,MONACO,29,61,5,82
CMF,G. KONDOGBIA,CENTRAL AFRICAN REP.,MADRID ROSAS RB,27,73,5,82
GK,NETO,BRAZIL,FC BARCELONA,31,70,5,82
RB,M. FERNANDES,RUSSIA,CSKA MOSKVA,30,83,7,82
LMF,FELIPE ANDERSON,BRAZIL,PORTO,27,88,5,82
LB,JUAN BERNAT,SPAIN,PSG,27,81,6,82
CB,G. PEZZELLA,ARGENTINA,FIORENTINA,29,74,4,82
LB,L. DIGNE,FRANCE,EVERTON B,27,77,6,82
CMF,OXLADE-CHAMBERLAIN,ENGLAND,LIVERPOOL R,27,88,5,82
CB,ÍÑIGO MARTÍNEZ,SPAIN,BILBAO BR,29,72,6,82
DMF,L. PAREDES,ARGENTINA,PSG,26,72,6,82
CMF,J. DRAXLER,GERMANY,PSG,27,80,4,82
RB,T. MEUNIER,BELGIUM,FREE AGENTS,29,85,6,82
CF,PACO ALCÁCER,SPAIN,VILLARREAL A,27,78,5,82
LMF,F. KOSTIĆ,SERBIA,FREE AGENTS,28,86,6,82
RB,A. FLORENZI,ITALY,PSG,29,81,5,82
CMF,A. RABIOT,FRANCE,JUVENTUS,25,73,4,82
DMF,W. BARRIOS,COLOMBIA,ZENIT,27,82,7,82
CB,J. STONES,ENGLAND,MANCHESTER B,26,77,5,82
RB,JOÃO CANCELO,PORTUGAL,MANCHESTER B,26,88,6,82
CF,D. BENEDETTO,ARGENTINA,OLYMPIQUE MARSEILLE,30,80,6,82
CMF,FRED,BRAZIL,MANCHESTER UNITED,27,82,6,82
RMF,E. VIŠĆA,BOSNIA AND HERZEGOVINA,İSTANBUL BAŞAKŞEHİR,30,88,7,82
CB,GABRIEL,BRAZIL,VALENCIA BN,30,74,5,82
CF,GABRIEL BARBOSA,BRAZIL,FLAMENGO,24,80,7,82
LWF,W. ZAHA,CÔTE D'IVOIRE,CRYSTAL PALACE RB,28,89,4,82
CB,S. COATES,URUGUAY,SPORTING CP,30,67,6,79
DMF,M. DÍAZ,CHILE,RACING CLUB,34,69,5,79
CF,Y. EL ARABI,MOROCCO,OLYMPIAKOS PIRAEUS,33,70,6,79
GK,MARCELO LOMBA,BRAZIL,INTERNACIONAL,34,64,6,79
DMF,JOSEF DE SOUZA,BRAZIL,BEŞİKTAŞ,31,74,7,79
RB,P. KADEŘÁBEK,CZECH REPUBLIC,FREE AGENTS,28,84,6,79
GK,JOEL ROBLES,SPAIN,SEVILLA TRIANA VB,30,52,4,79
GK,M. BIZOT,NETHERLANDS,AZ,29,59,6,79
LWF,N. CHADLI,BELGIUM,İSTANBUL BAŞAKŞEHİR,31,80,6,79
RB,K. MALCUIT,FRANCE,NAPOLI,29,84,5,79
CB,B. STAMBOULI,FRANCE,SCHALKE 04,30,69,5,79
GK,S. MIGNOLET,BELGIUM,CLUB BRUGGE,32,63,6,79
CB,C. IZQUIERDOZ,ARGENTINA,BOCA JUNIORS,32,72,6,79
LWF,Y. KONOPLYANKA,UKRAINE,SHAKHTAR DONETSK,31,85,5,79
AMF,G. SIGURÐSSON,ICELAND,EVERTON B,31,74,5,79
CMF,C. SÁNCHEZ,URUGUAY,SANTOS,36,79,7,79
CF,M. BATSHUAYI,BELGIUM,CRYSTAL PALACE RB,27,83,3,79
RB,S. ARIAS,COLOMBIA,BAYER LEVERKUSEN,28,78,6,79
LWF,N. SANSONE,ITALY,BOLOGNA,29,81,5,79
RB,K. LALA,FRANCE,STRASBOURG,29,81,6,79
RB,M. DE SCIGLIO,ITALY,OLYMPIQUE LYONNAIS,28,82,4,79
LWF,M. GRADEL,CÔTE D'IVOIRE,SİVASSPOR,33,83,5,79
CMF,F. VÁZQUEZ,ARGENTINA,SEVILLA NERVIÓN BR,31,68,5,79
AMF,J. QUINTERO,COLOMBIA,RIVER PLATE,27,73,4,79
LWF,VITINHO,BRAZIL,FLAMENGO,27,81,6,79
CB,PABLO,BRAZIL,BORDEAUX,29,73,6,79
AMF,W. KHAZRI,TUNISIA,SAINT-ÉTIENNE,29,77,5,79
AMF,G. FERNÁNDEZ,ARGENTINA,BOCA JUNIORS,29,75,5,79
CMF,D. PRAET,BELGIUM,LEICESTER B,26,77,4,79
RB,HUGO MALLO,SPAIN,VIGO AB,29,78,5,79
LMF,DEULOFEU,SPAIN,UDINESE,26,88,5,79
CB,J. VELTMAN,NETHERLANDS,BRIGHTON WB,28,77,7,79
CMF,T. VILHENA,NETHERLANDS,KRASNODAR,25,75,4,79
AMF,A. THOMASSON,FRANCE,STRASBOURG,27,80,6,79
LB,JONNY CASTRO,SPAIN,WOLVERHAMPTON YB,26,80,4,79
CB,E. DIER,ENGLAND,TOTTENHAM WB,26,71,5,79
AMF,JOÃO MÁRIO,PORTUGAL,SPORTING CP,27,79,5,79
CF,D. ORIGI,BELGIUM,LIVERPOOL R,25,86,5,79
GK,C. VARGAS,COLOMBIA,FREE AGENTS,31,69,5,79
CB,M. HINTEREGGER,AUSTRIA,FREE AGENTS,28,75,5,79
CMF,P. HØJBJERG,DENMARK,TOTTENHAM WB,25,66,5,79
CB,U. SPAJIĆ,SERBIA,FEYENOORD,27,76,5,79
CMF,O. NORWOOD,NORTHERN IRELAND,SHEFFIELD RB,29,73,6,79
LWF,R. CENTURIÓN,ARGENTINA,VÉLEZ SARSFIELD,27,83,5,79
DMF,L. MILIVOJEVIĆ,SERBIA,CRYSTAL PALACE RB,29,69,5,79
CF,A. PETAGNA,ITALY,NAPOLI,25,75,6,79
CF,A. MITROVIĆ,SERBIA,FULHAM W,26,72,7,79
CF,B. PETKOVIĆ,CROATIA,DINAMO ZAGREB,26,75,5,79
CB,J. PALOMINO,ARGENTINA,ATALANTA,30,72,6,79
CMF,J. SERI,CÔTE D'IVOIRE,FULHAM W,29,71,5,79
CF,E. DENNIS,NIGERIA,CLUB BRUGGE,23,87,5,77
AMF,P. GROSS,GERMANY,BRIGHTON WB,29,72,6,77
CF,M. BOADU,NETHERLANDS,AZ,19,82,5,77
CMF,D. KUZYAEV,RUSSIA,ZENIT,27,80,5,77
RWF,GALENO,BRAZIL,SPORTING BRAGA,23,88,5,77
AMF,ÓSCAR RODRÍGUEZ,SPAIN,SEVILLA NERVIÓN BR,22,76,5,77
CF,O. WATKINS,ENGLAND,ASTON RB,25,86,6,77
CB,M. WÖBER,AUSTRIA,FREE AGENTS,22,77,4,77
RB,J. TOLJAN,GERMANY,SASSUOLO,26,88,4,77
LMF,T. CANTWELL,ENGLAND,NORWICH YG,22,78,4,77
CB,K. LAIFIS,CYPRUS,STANDARD LIÈGE,27,70,6,77
AMF,S. SCHRIJVERS,BELGIUM,CLUB BRUGGE,24,81,6,77
CB,O. COLLEY,GAMBIA,SAMPDORIA,28,79,6,77
CB,S. DEWAEST,BELGIUM,GENK,29,69,6,77
LWF,L. SINISTERRA,COLOMBIA,FEYENOORD,21,84,5,77
CF,P. ONUACHU,NIGERIA,GENK,26,75,5,77
LMF,K. SEMA,SWEDEN,WATFORD BY,27,86,5,77
AMF,E. AKBABA,TURKEY,GALATASARAY,28,76,5,77
GK,U. ÇAKIR,TURKEY,TRABZONSPOR,24,56,6,77
GK,O. KOLÁŘ,CZECH REPUBLIC,SLAVIA PRAHA,26,58,7,77
LWF,C. GAKPO,NETHERLANDS,PSV,21,84,4,77
CF,S. IGBOUN,NIGERIA,DINAMO MOSKVA,30,86,5,77
DMF,D. BARINOV,RUSSIA,LOKOMOTIV MOSKVA,24,78,4,77
CMF,I. AKHMETOV,RUSSIA,CSKA MOSKVA,23,77,5,77
GK,EVERSON,BRAZIL,SANTOS,30,68,6,77
LMF,D. MCNEIL,ENGLAND,BURNLEY RB,21,82,5,77
LWF,N. RADONJIĆ,SERBIA,OLYMPIQUE MARSEILLE,24,85,5,77
CF,N. KOMLICHENKO,RUSSIA,DINAMO MOSKVA,25,75,5,77
CF,L. DIMATA,BELGIUM,ANDERLECHT,23,85,6,77
CMF,M. KUDUS,GHANA,AJAX,20,80,5,77
RWF,TRINCÃO,PORTUGAL,FC BARCELONA,21,80,5,77
LB,B. BARIŠIĆ,CROATIA,RANGERS,28,78,6,77
LWF,A. NWAKAEME,NIGERIA,TRABZONSPOR,31,81,7,77
LMF,B. SAKA,ENGLAND,ARSENAL,19,86,5,77
CB,R. ROJAS,PARAGUAY,RIVER PLATE,24,82,6,77
CMF,E. CAMAVINGA,FRANCE,RENNES,18,75,5,77
DMF,A. KRÁL,CZECH REPUBLIC,SPARTAK MOSKVA,22,78,5,77
CMF,D. SZOBOSZLAI,HUNGARY,FREE AGENTS,20,76,5,77
CB,R. KOCH,GERMANY,LEEDS W,24,74,5,77
CMF,XAVI,SPAIN,AL SADD,19,61,6,77
CMF,O. AKHMEDOV,UZBEKISTAN,SHANGHAI SIPG,33,70,6,77
AMF,M. BOUSSOUFA,MOROCCO,AL NASSR,35,75,6,77
RWF,A. CARRILLO,PERU,AL HILAL,29,87,5,77
LWF,A. MUSA,NIGERIA,AL NASSR,28,89,5,77
LWF,MARCOS JUNIOR,BRAZIL,YOKOHAMA F. MARINOS,27,83,4,77
LB,LUCAS LIMA,BRAZIL,AL AHLI SAUDI,29,76,5,77
DMF,G. CUÉLLAR,COLOMBIA,AL HILAL,28,73,5,77
DMF,PETROS,BRAZIL,AL NASSR,31,72,6,77
LWF,AKRAM AFIF,QATAR,AL SADD,24,82,7,77
RMF,EDMILSON JUNIOR,BRAZIL,AL DUHAIL,26,81,6,77
CB,N. AKÉ,NETHERLANDS,MANCHESTER B,25,81,6,82
CMF,M. SANSON,FRANCE,OLYMPIQUE MARSEILLE,26,77,7,82
GK,G. RULLI,ARGENTINA,VILLARREAL A,28,60,5,82
GK,W. BENÍTEZ,ARGENTINA,NICE,27,66,6,82
CMF,I. FERNÁNDEZ,ARGENTINA,RIVER PLATE,30,75,5,82
LWF,RAFA SILVA,PORTUGAL,BENFICA,27,93,6,82
LB,B. MENDY,FRANCE,MANCHESTER B,26,85,5,82
GK,M. MAIGNAN,FRANCE,LILLE,25,60,6,82
RWF,ADAMA TRAORÉ,SPAIN,WOLVERHAMPTON YB,24,96,7,82
LB,GAYÀ,SPAIN,VALENCIA BN,25,85,5,82
CB,A. DIALLO,FRANCE,PSG,24,82,5,82
GK,PAU LÓPEZ,SPAIN,ROMA,26,56,6,82
LWF,EVERTON,BRAZIL,BENFICA,24,87,7,82
AMF,G. DE ARRASCAETA,URUGUAY,FLAMENGO,26,78,8,82
LWF,Q. PROMES,NETHERLANDS,AJAX,28,85,6,82
RWF,T. HAZARD,BELGIUM,FREE AGENTS,27,81,6,82
RWF,F. BERNARDESCHI,ITALY,JUVENTUS,26,84,4,82
RB,HECTOR BELLERÍN,SPAIN,ARSENAL,25,92,5,82
RWF,M. POLITANO,ITALY,NAPOLI,27,83,6,82
CMF,N. KEÏTA,GUINEA,LIVERPOOL R,25,82,6,82
LMF,T. LEMAR,FRANCE,MADRID ROSAS RB,25,81,4,82
LB,ÁLEX GRIMALDO,SPAIN,BENFICA,25,87,7,82
AMF,H. ÇALHANOĞLU,TURKEY,MILANO RN,26,76,6,82
RWF,MALCOM,BRAZIL,ZENIT,23,83,5,82
LMF,R. GOSENS,GERMANY,ATALANTA,26,87,6,82
CF,WILLIAMS,SPAIN,BILBAO BR,26,94,5,82
CF,C. WILSON,ENGLAND,NEWCASTLE WB,28,88,5,82
CMF,MIKEL MERINO,SPAIN,VASCO GIPUZKOA AB,24,70,6,82
CMF,N. BARELLA,ITALY,LOMBARDIA NA,23,78,6,82
LMF,S. BERGWIJN,NETHERLANDS,TOTTENHAM WB,23,84,5,82
GK,J. PAVLENKA,CZECH REPUBLIC,FREE AGENTS,28,61,6,82
LWF,BRUNO HENRIQUE,BRAZIL,FLAMENGO,30,92,6,82
GK,UNAI SIMÓN,SPAIN,BILBAO BR,23,67,5,82
LWF,GONÇALO GUEDES,PORTUGAL,VALENCIA BN,24,88,4,82
CB,V. LINDELÖF,SWEDEN,MANCHESTER UNITED,26,78,5,82
CF,M. GÓMEZ,URUGUAY,VALENCIA BN,24,74,6,82
LB,B. CHILWELL,ENGLAND,CHELSEA B,24,85,5,82
LB,T. HERNÁNDEZ,FRANCE,MILANO RN,23,93,6,82
CB,RÚBEN DIAS,PORTUGAL,MANCHESTER B,23,75,7,82
LMF,CARLOS SOLER,SPAIN,VALENCIA BN,23,81,4,82
CMF,A. GOLOVIN,RUSSIA,MONACO,24,82,6,82
CB,Ç. SÖYÜNCÜ,TURKEY,LEICESTER B,24,75,6,82
LWF,C. PULISIC,USA,CHELSEA B,22,88,5,82
CB,J. TAH,GERMANY,BAYER LEVERKUSEN,24,76,5,82
CF,T. ABRAHAM,ENGLAND,CHELSEA B,23,83,5,82
DMF,D. ZAKARIA,SWITZERLAND,FREE AGENTS,24,77,6,82
GK,E. MENDY,SENEGAL,CHELSEA B,28,63,6,82
CMF,H. AOUAR,FRANCE,OLYMPIQUE LYONNAIS,22,78,5,82
AMF,N. ZANIOLO,ITALY,ROMA,21,82,5,82
CB,L. KLOSTERMANN,GERMANY,FREE AGENTS,24,93,6,82
CF,L. PRATTO,ARGENTINA,RIVER PLATE,32,75,4,77
CB,S. DUFFY,IRELAND,CELTIC,28,66,5,77
CB,LAGUARDIA,SPAIN,ÁLAVA AB,31,72,4,77
DMF,J. BAUMGARTLINGER,AUSTRIA,BAYER LEVERKUSEN,32,68,7,77
CB,A. DRAGOVIĆ,AUSTRIA,BAYER LEVERKUSEN,29,75,5,77
CF,T. GUTIÉRREZ,COLOMBIA,JUNIOR,35,77,6,77
LMF,R. PEREYRA,ARGENTINA,UDINESE,29,83,4,77
CMF,T. CAIRNEY,SCOTLAND,FULHAM W,29,74,6,77
CF,E. PAREDES,CHILE,COLO COLO,40,77,6,77
CB,F. FERNÁNDEZ,ARGENTINA,NEWCASTLE WB,31,70,5,77
CB,M. ROJO,ARGENTINA,MANCHESTER UNITED,30,75,5,77
CB,GIL,BRAZIL,CORINTHIANS,33,64,5,77
CF,E. VARGAS,CHILE,FREE AGENTS,31,82,5,77
LB,M. BÍTTOLO,ARGENTINA,NEWELL'S OLD BOYS,30,78,6,77
LWF,R. OTERO,VENEZUELA,ATLÉTICO MINEIRO,28,77,6,77
RWF,A. CARRILLO,PERU,FREE AGENTS,29,87,5,77
CMF,V. AYALA,PARAGUAY,GIMNASIA LA PLATA,32,75,6,77
CB,MEXER,MOZAMBIQUE,BORDEAUX,32,72,5,77
RWF,R. HAMOUMA,FRANCE,SAINT-ÉTIENNE,33,83,5,77
CB,P. JONES,ENGLAND,MANCHESTER UNITED,28,71,5,77
RB,MARIO GASPAR,SPAIN,VILLARREAL A,30,83,4,77
DMF,RUBÉN PÉREZ,SPAIN,LEGANÉS AB,31,69,4,77
RB,CÉDRIC,PORTUGAL,ARSENAL,29,78,5,77
CMF,PEDRO OBIANG,EQUATORIAL GUINEA,SASSUOLO,28,71,5,77
LB,P. VAN AANHOLT,NETHERLANDS,CRYSTAL PALACE RB,30,88,5,77
CB,P. GOLTZ,ARGENTINA,GIMNASIA LA PLATA,35,75,5,77
CB,C. CATHCART,NORTHERN IRELAND,WATFORD BY,31,67,5,77
LWF,NOLITO,SPAIN,VIGO AB,34,73,5,77
DMF,ORIOL ROMEU,SPAIN,SOUTHAMPTON RW,29,68,4,77
CB,SERGI GÓMEZ,SPAIN,SEVILLA NERVIÓN BR,28,76,4,77
RMF,J. FORREST,SCOTLAND,CELTIC,29,87,6,77
CB,R. FUNES MORI,ARGENTINA,VILLARREAL A,29,71,5,77
CB,D. SIOVAS,GREECE,HUESCA RA,32,66,4,77
CB,V. VASIN,RUSSIA,CSKA MOSKVA,32,74,4,77
RB,MARIANO,BRAZIL,ATLÉTICO MINEIRO,34,74,6,77
CMF,SÉRGIO OLIVEIRA,PORTUGAL,PORTO,28,70,6,77
RMF,R. SNODGRASS,SCOTLAND,WEST HAM RB,33,71,5,77
CMF,O. ÖZYAKUP,TURKEY,BEŞİKTAŞ,28,74,6,77
CB,ERIC BOTTEGHIN,BRAZIL,FEYENOORD,33,67,6,77
DMF,S. KUMS,BELGIUM,GENT,32,69,6,77
CB,VARELA,CAPE VERDE,PAOK,33,69,6,77
GK,B. REYNET,FRANCE,NÎMES,30,61,5,77
CMF,S. MEÏTÉ,FRANCE,TORINO,26,76,4,77
CMF,F. FAJR,MOROCCO,SİVASSPOR,32,77,5,77
CMF,F. MIDTSJØ,NORWAY,AZ,27,75,6,77
CMF,J. FERRI,FRANCE,MONTPELLIER,28,71,6,77
LB,E. STEVENS,IRELAND,SHEFFIELD RB,30,80,5,77
CF,GILBERTO,BRAZIL,BAHIA,31,75,5,77
DMF,I. MARCONE,ARGENTINA,ELCHE BV,30,73,6,77
CB,N. ARAÚJO,MEXICO,VIGO AB,29,74,5,77
CF,C. BAKAMBU,CONGO DR,BEIJING FC,29,89,6,80
GK,A. MIRANTE,ITALY,ROMA,37,63,6,79
CB,J. PINOLA,ARGENTINA,RIVER PLATE,37,76,6,79
GK,I. AKINFEEV,RUSSIA,CSKA MOSKVA,34,68,7,79
CB,DANTE,BRAZIL,NICE,37,67,5,79
RB,M. DEBUCHY,FRANCE,SAINT-ÉTIENNE,35,75,6,79
CMF,FÀBREGAS,SPAIN,MONACO,33,65,4,79
GK,A. CONSIGLI,ITALY,SASSUOLO,33,66,6,79
RB,H. SAKAI,JAPAN,OLYMPIQUE MARSEILLE,30,78,6,79
LWF,S. NAKAJIMA,JAPAN,PORTO,26,81,6,79
CF,LLORENTE,SPAIN,NAPOLI,35,70,5,79
CF,L. LÓPEZ,ARGENTINA,RACING CLUB,37,70,5,79
GK,B. FOSTER,ENGLAND,WATFORD BY,37,58,5,79
CB,MIRANDA,BRAZIL,JIANGSU SUNING,36,70,6,79
CMF,L. SCHÖNE,DENMARK,GENOA,34,68,5,79
GK,E. VIVIANO,ITALY,FATİH KARAGÜMRÜK,35,62,5,79
GK,A. PYATOV,UKRAINE,SHAKHTAR DONETSK,36,58,5,79
AMF,M. VALBUENA,FRANCE,OLYMPIAKOS PIRAEUS,36,69,7,79
RB,D. D'AMBROSIO,ITALY,LOMBARDIA NA,32,79,5,79
CMF,A. TAARABT,MOROCCO,BENFICA,31,75,5,79
CB,A. GRANQVIST,SWEDEN,FREE AGENTS,35,64,6,79
CB,B. IVANOVIĆ,SERBIA,WEST BROMWICH WB,36,71,6,79
RB,FÁGNER,BRAZIL,CORINTHIANS,31,81,6,79
GK,S. ROMERO,ARGENTINA,MANCHESTER UNITED,33,62,5,79
LWF,Y. GERVINHO,CÔTE D'IVOIRE,PARMA,33,88,5,79
GK,M. GÜNOK,TURKEY,İSTANBUL BAŞAKŞEHİR,31,57,7,79
CF,C. STUANI,URUGUAY,GIRONA R,34,73,6,79
GK,G. MARINATO,RUSSIA,LOKOMOTIV MOSKVA,35,69,6,79
AMF,N. GAITÁN,ARGENTINA,SPORTING BRAGA,32,76,5,79
CMF,M. FELLAINI,BELGIUM,SHANDONG LUNENG,33,65,6,79
CF,S. JOVETIĆ,MONTENEGRO,MONACO,31,76,5,79
CB,S. KJÆR,DENMARK,MILANO RN,31,68,6,79
CB,N. N'KOULOU,CAMEROON,TORINO,30,77,6,79
AMF,R. BOUDEBOUZ,ALGERIA,SAINT-ÉTIENNE,30,74,4,79
CF,L. DE JONG,NETHERLANDS,SEVILLA NERVIÓN BR,30,70,5,79
RWF,F. ORELLANA,CHILE,VALLADOLID MB,34,77,5,79
GK,J. ZOET,NETHERLANDS,SPEZIA,29,67,6,79
CMF,J. KUCKA,SLOVAKIA,PARMA,33,74,5,79
LB,C. ANSALDI,ARGENTINA,TORINO,34,78,5,79
DMF,G. MEDEL,CHILE,BOLOGNA,33,74,5,79
CF,S. RONDÓN,VENEZUELA,DALIAN PRO,31,73,6,79
AMF,J. PASTORE,ARGENTINA,ROMA,31,71,5,79
RWF,X. SHAQIRI,SWITZERLAND,LIVERPOOL R,29,77,4,79
AMF,Y. BELHANDA,MOROCCO,GALATASARAY,30,75,5,79
LWF,MUNIAIN,SPAIN,BILBAO BR,28,81,6,79
GK,ADÁN,SPAIN,SPORTING CP,33,58,4,79
RMF,E. LAMELA,ARGENTINA,TOTTENHAM WB,28,76,5,79
CF,C. WOOD,NEW ZEALAND,BURNLEY RB,29,76,5,79
RB,V. IGNATJEV,RUSSIA,LOKOMOTIV MOSKVA,33,82,5,79
RWF,S. VERDI,ITALY,TORINO,28,80,5,79
DMF,M. NAKAMBA,ZIMBABWE,ASTON RB,26,76,4,77
CF,C. TOSUN,TURKEY,EVERTON B,29,76,5,77
CMF,UNAI LÓPEZ,SPAIN,BILBAO BR,25,76,5,77
CB,L. TONELLI,ITALY,SAMPDORIA,30,69,5,77
RB,S. KLAIBER,NETHERLANDS,AJAX,26,80,5,77
CMF,P. BILLING,DENMARK,BOURNEMOUTH RB,24,71,5,77
CF,A. GRAY,ENGLAND,WATFORD BY,29,88,4,77
DMF,A. CUBAS,PARAGUAY,NÎMES,24,83,7,77
GK,MATHEUS MAGALHÃES,BRAZIL,SPORTING BRAGA,28,58,6,77
CMF,DANILO BARBOSA,BRAZIL,NICE,24,73,5,77
CMF,A. IONIŢĂ,MOLDOVA,BENEVENTO,30,74,5,77
CB,L. CABRERA,URUGUAY,LLOBREGAT AB,29,74,5,77
DMF,N. RADOJA,SERBIA,LEVANTE RA,27,68,4,77
LB,C. RAMÍREZ,ECUADOR,KRASNODAR,26,81,5,77
LMF,M. FARES,ALGERIA,LAZIO,24,86,5,77
LB,Y. KONÉ,MALI,ELCHE BV,25,82,5,77
RB,A. MAITLAND-NILES,ENGLAND,ARSENAL,23,87,4,77
LB,RUBÉN DUARTE,SPAIN,ÁLAVA AB,25,76,4,77
CF,R. ASSALÉ,CÔTE D'IVOIRE,DIJON,27,89,6,77
DMF,S. SYDORCHUK,UKRAINE,DYNAMO KYIV,29,75,6,77
CF,M. TAREMI,IRAN,PORTO,28,73,5,77
DMF,RODRIGO DOURADO,BRAZIL,INTERNACIONAL,26,73,7,77
LWF,PEDRO ROCHA,BRAZIL,FLAMENGO,26,84,5,77
CMF,ALAN PATRICK,BRAZIL,SHAKHTAR DONETSK,29,78,5,77
CF,B. RAMAN,BELGIUM,SCHALKE 04,26,88,5,77
CB,PABLO MARÍ,SPAIN,ARSENAL,27,70,5,77
DMF,M. TEKDEMIR,TURKEY,İSTANBUL BAŞAKŞEHİR,32,68,7,77
CB,VITOR HUGO,BRAZIL,TRABZONSPOR,29,75,5,77
CMF,PATRICK,BRAZIL,INTERNACIONAL,28,79,6,77
CMF,P. HROŠOVSKÝ,SLOVAKIA,GENK,28,76,6,77
CMF,A. FULGINI,FRANCE,ANGERS,24,77,5,77
RB,D. CALABRIA,ITALY,MILANO RN,24,80,4,77
CB,M. DIAKHABY,FRANCE,VALENCIA BN,24,72,5,77
CMF,M. ROJAS,PARAGUAY,RACING CLUB,25,73,5,77
RMF,E. BUENDÍA,ARGENTINA,NORWICH YG,24,80,6,77
CF,BORJA MAYORAL,SPAIN,ROMA,23,76,5,77
LB,PEDRAZA,SPAIN,VILLARREAL A,24,82,4,77
CMF,J. REINE-ADÉLAÏDE,FRANCE,NICE,22,79,5,77
LWF,M. VARGAS,ARGENTINA,LLOBREGAT AB,23,76,4,77
CB,LYANCO,BRAZIL,TORINO,23,77,5,77
RWF,MATHEUS PEREIRA,BRAZIL,WEST BROMWICH WB,24,82,7,77
GK,Á. MONTERO,COLOMBIA,DEPORTES TOLIMA,25,65,7,77
LWF,R. KENT,ENGLAND,RANGERS,24,86,5,77
RB,O. AINA,NIGERIA,FULHAM W,24,82,5,77
AMF,M. VLAP,NETHERLANDS,ANDERLECHT,23,78,6,77
AMF,S. GUSTAFSON,SWEDEN,UTRECHT,25,71,5,77
GK,I. RADU,ROMANIA,LOMBARDIA NA,23,65,6,77
CF,P. CUTRONE,ITALY,FIORENTINA,22,76,5,77
CB,RÚBEN SEMEDO,PORTUGAL,OLYMPIAKOS PIRAEUS,26,76,6,77
RMF,L. BLAS,FRANCE,NANTES,23,77,5,77
CMF,E. CAN,GERMANY,FREE AGENTS,26,77,5,83
GK,KEPA,SPAIN,CHELSEA B,26,58,4,83
GK,J. PICKFORD,ENGLAND,EVERTON B,26,64,4,83
CMF,P. ZIELIŃSKI,POLAND,NAPOLI,26,82,5,83
CF,A. MARTIAL,FRANCE,MANCHESTER UNITED,25,88,6,83
LB,ALEX TELLES,BRAZIL,MANCHESTER UNITED,28,83,7,83
CF,A. MILIK,POLAND,NAPOLI,26,77,5,83
CMF,Y. TIELEMANS,BELGIUM,LEICESTER B,23,75,5,83
LMF,R. GUERREIRO,PORTUGAL,FREE AGENTS,27,77,6,83
SS,J. CORREA,ARGENTINA,LAZIO,26,84,5,83
RMF,Á. CORREA,ARGENTINA,MADRID ROSAS RB,25,82,5,83
GK,J. MUSSO,ARGENTINA,UDINESE,26,66,7,83
CMF,R. DE PAUL,ARGENTINA,UDINESE,26,81,6,83
RWF,K. COMAN,FRANCE,FC BAYERN MÜNCHEN,24,92,5,83
LWF,A. REBIĆ,CROATIA,MILANO RN,27,88,5,83
CMF,C. TOLISSO,FRANCE,FC BAYERN MÜNCHEN,26,78,5,83
GK,T. STRAKOSHA,ALBANIA,LAZIO,25,68,6,83
CF,K. VOLLAND,GERMANY,MONACO,28,79,6,83
RWF,PORTU,SPAIN,VASCO GIPUZKOA AB,28,90,5,83
RB,K. TRIPPIER,ENGLAND,MADRID ROSAS RB,30,79,6,83
CF,A. BELOTTI,ITALY,TORINO,27,78,5,83
CF,M. DEMBÉLÉ,FRANCE,OLYMPIQUE LYONNAIS,24,84,6,83
CF,D. INGS,ENGLAND,SOUTHAMPTON RW,28,84,6,83
AMF,LLORENTE,SPAIN,MADRID ROSAS RB,25,75,4,83
CB,P. KIMPEMBE,FRANCE,PSG,25,81,5,83
CB,DIEGO CARLOS,BRAZIL,SEVILLA NERVIÓN BR,27,73,5,83
LMF,ASENSIO,SPAIN,MADRID CHAMARTIN B,24,86,6,83
CMF,RÚBEN NEVES,PORTUGAL,WOLVERHAMPTON YB,23,69,5,83
CB,J. GOMEZ,ENGLAND,LIVERPOOL R,23,85,6,83
CB,A. RÜDIGER,GERMANY,CHELSEA B,27,82,6,83
CMF,DANI CEBALLOS,SPAIN,ARSENAL,24,70,5,83
RB,B. PAVARD,FRANCE,FC BAYERN MÜNCHEN,24,83,6,83
GK,A. ONANA,CAMEROON,AJAX,24,67,6,83
CB,DJENÉ,TOGO,GETAFE A,29,82,4,83
LB,F. MENDY,FRANCE,MADRID CHAMARTIN B,25,90,6,83
AMF,D. VAN DE BEEK,NETHERLANDS,MANCHESTER UNITED,23,78,5,83
CMF,L. PELLEGRINI,ITALY,ROMA,24,78,6,83
DMF,L. TORREIRA,URUGUAY,MADRID ROSAS RB,24,74,5,83
RB,NÉLSON SEMEDO,PORTUGAL,WOLVERHAMPTON YB,27,90,5,83
CB,ÉDER MILITÃO,BRAZIL,MADRID CHAMARTIN B,22,79,5,83
CMF,F. VALVERDE,URUGUAY,MADRID CHAMARTIN B,22,83,5,83
RB,A. HAKIMI,MOROCCO,LOMBARDIA NA,22,95,5,83
AMF,J. MADDISON,ENGLAND,LEICESTER B,24,78,7,83
RWF,F. CHIESA,ITALY,JUVENTUS,23,85,6,83
LB,RENAN LODI,BRAZIL,MADRID ROSAS RB,22,85,5,83
RB,A. WAN-BISSAKA,ENGLAND,MANCHESTER UNITED,23,92,6,83
SS,JOÃO FÉLIX,PORTUGAL,MADRID ROSAS RB,21,80,5,83
LB,A. DAVIES,CANADA,FC BAYERN MÜNCHEN,20,96,6,83
CB,M. BENATIA,MOROCCO,AL DUHAIL,33,79,6,83
CF,M. MANDŽUKIĆ,CROATIA,AL DUHAIL,34,73,5,83
GK,A. MERET,ITALY,NAPOLI,23,65,7,84
CB,D. SÁNCHEZ,COLOMBIA,TOTTENHAM WB,24,82,5,84
CB,L. HERNANDEZ,FRANCE,FC BAYERN MÜNCHEN,24,83,5,84
CMF,R. BENTANCUR,URUGUAY,JUVENTUS,23,75,7,84
RMF,N. PÉPÉ,CÔTE D'IVOIRE,ARSENAL,25,89,6,84
CMF,FABIÁN RUIZ,SPAIN,NAPOLI,24,76,6,84
LMF,MIKEL OYARZABAL,SPAIN,VASCO GIPUZKOA AB,23,78,6,84
LWF,RICHARLISON,BRAZIL,EVERTON B,23,87,6,84
CMF,T. NDOMBÈLÉ,FRANCE,TOTTENHAM WB,24,82,5,84
DMF,W. NDIDI,NIGERIA,LEICESTER B,24,79,6,84
CF,Z. IBRAHIMOVIĆ,SWEDEN,MILANO RN,39,68,7,83
GK,K. SCHMEICHEL,DENMARK,LEICESTER B,34,68,6,83
CMF,JOÃO MOUTINHO,PORTUGAL,WOLVERHAMPTON YB,34,66,6,83
CMF,SANTI CAZORLA,SPAIN,FREE AGENTS,36,71,7,83
CF,R. FALCAO,COLOMBIA,GALATASARAY,34,72,6,83
CMF,B. MATUIDI,FRANCE,FREE AGENTS,33,81,5,83
GK,S. SIRIGU,ITALY,TORINO,33,65,7,83
CB,D. GODÍN,URUGUAY,CAGLIARI,34,65,6,83
LB,MARCELO,BRAZIL,MADRID CHAMARTIN B,32,80,6,83
CB,DAVID LUIZ,BRAZIL,ARSENAL,33,75,5,83
RB,AZPILICUETA,SPAIN,CHELSEA B,31,78,6,83
DMF,LUCAS LEIVA,BRAZIL,LAZIO,33,69,6,83
CF,A. DZYUBA,RUSSIA,ZENIT,32,77,7,83
CMF,A. VIDAL,CHILE,LOMBARDIA NA,33,74,5,83
GK,F. MUSLERA,URUGUAY,GALATASARAY,34,60,7,83
LB,A. KOLAROV,SERBIA,LOMBARDIA NA,35,74,6,83
GK,S. MANDANDA,FRANCE,OLYMPIQUE MARSEILLE,35,65,6,83
CMF,A. RAMSEY,WALES,JUVENTUS,30,72,5,83
RWF,JOSÉ CALLEJÓN,SPAIN,FIORENTINA,33,85,6,83
AMF,M. ÖZIL,GERMANY,ARSENAL,32,78,5,83
LWF,I. PERIŠIĆ,CROATIA,LOMBARDIA NA,31,84,6,83
GK,J. CILLESSEN,NETHERLANDS,VALENCIA BN,31,68,5,83
CB,J. BOATENG,GERMANY,FC BAYERN MÜNCHEN,32,74,4,83
RB,J. CUADRADO,COLOMBIA,JUVENTUS,32,85,6,83
GK,ANTHONY LOPES,PORTUGAL,OLYMPIQUE LYONNAIS,30,64,5,83
RB,K. WALKER,ENGLAND,MANCHESTER B,30,93,5,83
CMF,C. ARÁNGUIZ,CHILE,BAYER LEVERKUSEN,31,73,7,83
RMF,PIZZI,PORTUGAL,BENFICA,31,78,7,83
CF,D. TADIĆ,SERBIA,AJAX,32,76,5,83
DMF,G. XHAKA,SWITZERLAND,ARSENAL,28,66,5,83
CF,RODRIGO,SPAIN,LEEDS W,29,87,5,83
CMF,I. GUEYE,SENEGAL,PSG,31,75,7,83
RB,SERGI ROBERTO,SPAIN,FC BARCELONA,28,82,5,83
RMF,LUCAS MOURA,BRAZIL,TOTTENHAM WB,28,89,4,83
CMF,M. KOVAČIĆ,CROATIA,CHELSEA B,26,78,6,83
CB,S. SAVIĆ,MONTENEGRO,MADRID ROSAS RB,29,74,5,83
GK,L. HRÁDECKÝ,FINLAND,BAYER LEVERKUSEN,31,60,6,83
CF,L. MURIEL,COLOMBIA,ATALANTA,29,84,4,83
RWF,S. BERGHUIS,NETHERLANDS,FEYENOORD,29,78,5,83
RWF,F. THAUVIN,FRANCE,OLYMPIQUE MARSEILLE,27,82,6,83
LWF,K. MIRALLAS,BELGIUM,GAZİANTEP FK,33,79,4,77
GK,M. ANDÚJAR,ARGENTINA,ESTUDIANTES,37,62,5,77
AMF,M. FERNÁNDEZ,CHILE,COLO COLO,34,74,5,77
CB,M. ŠKRTEL,SLOVAKIA,İSTANBUL BAŞAKŞEHİR,36,65,6,77
RB,L. DE SILVESTRI,ITALY,BOLOGNA,32,77,5,77
DMF,L. CIGARINI,ITALY,CROTONE,34,72,5,77
CMF,T. MANGANI,FRANCE,ANGERS,33,66,6,77
GK,R. GURTNER,FRANCE,AMIENS,34,58,6,77
DMF,A. HUTCHINSON,CANADA,BEŞİKTAŞ,37,67,8,77
CF,ÁLVARO NEGREDO,SPAIN,CÁDIZ AA,35,69,5,77
CMF,BORJA VALERO,SPAIN,FIORENTINA,35,64,5,77
CMF,O. AKHMEDOV,UZBEKISTAN,SHANGHAI SIPG,33,70,6,77
CB,A. OGBONNA,ITALY,WEST HAM RB,32,73,5,77
CF,L. RÉMY,FRANCE,RİZESPOR,33,79,5,77
LMF,M. SULEJMANI,SERBIA,YOUNG BOYS,32,79,5,77
CF,ADRIÁN,SPAIN,PAMPLONA RA,32,79,4,77
AMF,J. DÁTOLO,ARGENTINA,BANFIELD,36,67,5,77
RWF,PEDRO LEÓN,SPAIN,EIBAR AR,34,70,5,77
CB,M. JØRGENSEN,DENMARK,KØBENHAVN,30,74,5,77
DMF,F. FREI,SWITZERLAND,BASEL,31,68,7,77
CB,M. SAKHO,FRANCE,CRYSTAL PALACE RB,30,70,4,77
DMF,M. SCHNEIDERLIN,FRANCE,NICE,31,68,4,77
LB,V. ANTUNES,PORTUGAL,SPORTING CP,33,81,5,77
GK,A. BEGOVIĆ,BOSNIA AND HERZEGOVINA,BOURNEMOUTH RB,33,58,5,77
DMF,E. CAPOUE,FRANCE,WATFORD BY,32,66,5,77
CMF,L. FER,NETHERLANDS,FEYENOORD,30,75,5,77
AMF,I. POPOV,BULGARIA,SOCHI,33,83,5,77
CMF,A. EKDAL,SWEDEN,SAMPDORIA,31,70,5,77
CB,E. MUÑOZ,ARGENTINA,INDEPENDIENTE,30,73,6,77
DMF,C. KABORÉ,BURKINA FASO,DINAMO MOSKVA,32,73,5,77
RWF,M. CARCELA-GONZÁLEZ,MOROCCO,STANDARD LIÈGE,31,79,5,77
LB,D. SANTON,ITALY,ROMA,29,75,5,77
CF,O. IGHALO,NIGERIA,MANCHESTER UNITED,31,81,6,77
CB,T. KÁDÁR,HUNGARY,SHANDONG LUNENG,30,78,6,77
CMF,C. GRENIER,FRANCE,RENNES,29,68,4,77
CB,C. BASHAM,ENGLAND,SHEFFIELD RB,32,71,6,77
CB,E. MANGALA,FRANCE,VALENCIA BN,29,69,4,77
CF,C. BENTEKE,BELGIUM,CRYSTAL PALACE RB,30,79,5,77
CMF,P. MAMAEV,RUSSIA,ROSTOV,32,77,4,77
GK,A. SHUNIN,RUSSIA,DINAMO MOSKVA,33,69,6,77
GK,E. BERISHA,ALBANIA,SPAL,31,65,6,77
CMF,C. KOUYATÉ,SENEGAL,CRYSTAL PALACE RB,31,75,5,77
RB,J. LARSEN,DENMARK,UDINESE,29,85,6,77
LMF,D. LAZOVIĆ,SERBIA,HELLAS VERONA,30,84,5,77
CMF,M. PAROLO,ITALY,LAZIO,35,69,4,77
RMF,M. ALBRIGHTON,ENGLAND,LEICESTER B,31,75,4,77
RB,S. COLEMAN,IRELAND,EVERTON B,32,77,4,77
LB,M. RITCHIE,SCOTLAND,NEWCASTLE WB,31,75,5,77
GK,BETO,PORTUGAL,FREE AGENTS,38,54,7,77
CB,B. NUYTINCK,NETHERLANDS,UDINESE,30,70,7,77
CB,RODRIGO CAIO,BRAZIL,FLAMENGO,27,75,5,81
RMF,EVERTON RIBEIRO,BRAZIL,FLAMENGO,31,75,6,81
CMF,M. DE ROON,NETHERLANDS,ATALANTA,29,75,7,81
CMF,ANDRÉ GOMES,PORTUGAL,EVERTON B,27,72,4,81
LMF,Y. CARRASCO,BELGIUM,MADRID ROSAS RB,27,86,4,81
CMF,J. VERETOUT,FRANCE,ROMA,27,76,5,81
CF,GERARD MORENO,SPAIN,VILLARREAL A,28,74,6,81
DMF,E. PULGAR,CHILE,FIORENTINA,26,76,6,81
RWF,D. BERARDI,ITALY,SASSUOLO,26,81,4,81
LMF,VITOLO,SPAIN,MADRID ROSAS RB,31,82,5,81
LB,EMERSON,ITALY,CHELSEA B,26,83,5,81
CMF,H. HERRERA,MEXICO,MADRID ROSAS RB,30,77,6,81
CF,L. ALARIO,ARGENTINA,BAYER LEVERKUSEN,28,78,5,81
CF,LUCAS PÉREZ,SPAIN,ÁLAVA AB,32,79,6,81
CB,N. MAKSIMOVIĆ,SERBIA,NAPOLI,29,71,5,81
LMF,A. SAINT-MAXIMIN,FRANCE,NEWCASTLE WB,23,91,5,81
DMF,WILLIAM CARVALHO,PORTUGAL,SEVILLA TRIANA VB,28,65,4,81
CF,S. AZMOUN,IRAN,ZENIT,25,86,6,81
GK,AITOR FERNÁNDEZ,SPAIN,LEVANTE RA,29,66,7,81
RWF,TALISCA,BRAZIL,GUANGZHOU EVERGRANDE,26,82,8,81
CB,S. BENDER,GERMANY,BAYER LEVERKUSEN,31,72,7,81
LB,YURI,SPAIN,BILBAO BR,30,79,6,81
CMF,GABRIEL PIRES,BRAZIL,BENFICA,27,71,6,81
CB,A. IZZO,ITALY,TORINO,28,76,5,81
CMF,W. CYPRIEN,FRANCE,PARMA,25,76,6,81
LB,L. SPINAZZOLA,ITALY,ROMA,27,82,5,81
LWF,J. GREALISH,ENGLAND,ASTON RB,25,78,7,81
AMF,GIULIANO,BRAZIL,İSTANBUL BAŞAKŞEHİR,30,80,6,81
LWF,E. FORSBERG,SWEDEN,FREE AGENTS,29,70,5,81
GK,A. CRAGNO,ITALY,CAGLIARI,26,66,6,81
CMF,T. SAVANIER,FRANCE,MONTPELLIER,29,71,6,81
RWF,MARLOS,UKRAINE,SHAKHTAR DONETSK,32,79,6,81
CF,W. WEGHORST,NETHERLANDS,FREE AGENTS,28,73,7,81
CB,J. DENAYER,BELGIUM,OLYMPIQUE LYONNAIS,25,81,6,81
LB,M. ACUÑA,ARGENTINA,SEVILLA NERVIÓN BR,29,80,7,81
CB,A. CHRISTENSEN,DENMARK,CHELSEA B,24,75,5,81
GK,PACHECO,SPAIN,ÁLAVA AB,28,64,5,81
CMF,V. RONGIER,FRANCE,OLYMPIQUE MARSEILLE,26,74,6,81
CMF,GERSON,BRAZIL,FLAMENGO,23,78,6,81
LB,F. FABRA,COLOMBIA,BOCA JUNIORS,29,86,6,81
AMF,D. ALLI,ENGLAND,TOTTENHAM WB,24,77,5,81
GK,M. DÚBRAVKA,SLOVAKIA,NEWCASTLE WB,31,61,6,81
CMF,R. ZOBNIN,RUSSIA,SPARTAK MOSKVA,26,83,6,81
RWF,GELSON MARTINS,PORTUGAL,MONACO,25,90,5,81
AMF,ALEKSEY MIRANCHUK,RUSSIA,ATALANTA,25,83,5,81
CMF,G. LO CELSO,ARGENTINA,TOTTENHAM WB,24,78,4,81
CF,JÚNIOR MORAES,UKRAINE,SHAKHTAR DONETSK,33,73,7,81
RWF,M. RASHICA,KOSOVO,FREE AGENTS,24,84,5,81
DMF,D. RICE,ENGLAND,WEST HAM RB,21,72,5,81
CF,O. ÉDOUARD,FRANCE,CELTIC,22,78,6,81
CB,F. ACERBI,ITALY,LAZIO,32,72,8,85
CB,S. UMTITI,FRANCE,FC BARCELONA,27,79,5,85
CMF,İ. GÜNDOĞAN,GERMANY,MANCHESTER B,30,76,5,85
LWF,L. INSIGNE,ITALY,NAPOLI,29,85,5,85
CF,IAGO ASPAS,SPAIN,VIGO AB,33,80,6,85
CF,M. DEPAY,NETHERLANDS,OLYMPIQUE LYONNAIS,26,86,6,85
CMF,M. BROZOVIĆ,CROATIA,LOMBARDIA NA,28,75,6,85
CF,R. JIMÉNEZ,MEXICO,WOLVERHAMPTON YB,29,81,6,85
RB,CARVAJAL,SPAIN,MADRID CHAMARTIN B,28,85,7,85
DMF,JORGINHO,ITALY,CHELSEA B,29,68,6,85
CMF,L. GORETZKA,GERMANY,FC BAYERN MÜNCHEN,25,83,6,85
LB,A. ROBERTSON,SCOTLAND,LIVERPOOL R,26,87,6,85
DMF,T. PARTEY,GHANA,ARSENAL,27,82,6,85
CMF,ARTHUR,BRAZIL,JUVENTUS,24,76,6,85
CF,GABRIEL JESUS,BRAZIL,MANCHESTER B,23,85,6,85
GK,G. DONNARUMMA,ITALY,MILANO RN,21,65,7,85
CF,L. MARTÍNEZ,ARGENTINA,LOMBARDIA NA,23,83,7,85
CB,H. MAGUIRE,ENGLAND,MANCHESTER UNITED,27,68,6,85
LWF,O. DEMBÉLÉ,FRANCE,FC BARCELONA,23,92,5,85
LWF,M. RASHFORD,ENGLAND,MANCHESTER UNITED,23,91,6,85
DMF,RODRI,SPAIN,MANCHESTER B,24,77,6,85
AMF,K. HAVERTZ,GERMANY,CHELSEA B,21,88,6,85
CF,E. HAALAND,NORWAY,FREE AGENTS,20,90,5,85
CMF,ANDRES INIESTA,SPAIN,VISSEL KOBE,36,66,5,85
GK,Ł. FABIAŃSKI,POLAND,WEST HAM RB,35,67,5,84
LWF,D. PAYET,FRANCE,OLYMPIQUE MARSEILLE,33,75,6,84
GK,RUI PATRÍCIO,PORTUGAL,WOLVERHAMPTON YB,32,65,5,84
CB,J. VERTONGHEN,BELGIUM,BENFICA,33,73,5,84
DMF,JAVI MARTÍNEZ,SPAIN,FC BAYERN MÜNCHEN,32,63,7,84
RWF,G. BALE,WALES,TOTTENHAM WB,31,90,5,84
GK,Y. SOMMER,SWITZERLAND,FREE AGENTS,32,58,6,84
RWF,WILLIAN,BRAZIL,ARSENAL,32,84,7,84
CF,A. LACAZETTE,FRANCE,ARSENAL,29,79,6,84
RWF,DOUGLAS COSTA,BRAZIL,FC BAYERN MÜNCHEN,30,87,5,84
RWF,J. RODRÍGUEZ,COLOMBIA,EVERTON B,29,76,7,84
LB,N. TAGLIAFICO,ARGENTINA,AJAX,28,82,7,84
CF,MORATA,SPAIN,JUVENTUS,28,86,5,84
RWF,PABLO SARABIA,SPAIN,PSG,28,83,6,84
LB,ALEX SANDRO,BRAZIL,JUVENTUS,29,85,5,84
RWF,L. OCAMPOS,ARGENTINA,SEVILLA NERVIÓN BR,26,83,6,84
DMF,ALLAN,BRAZIL,EVERTON B,29,78,5,84
CB,FELIPE,BRAZIL,MADRID ROSAS RB,31,75,6,84
RB,RICARDO PEREIRA,PORTUGAL,LEICESTER B,27,87,6,84
CB,A. ROMAGNOLI,ITALY,MILANO RN,25,77,6,84
AMF,N. FEKIR,FRANCE,SEVILLA TRIANA VB,27,77,6,84
CF,D. ZAPATA,COLOMBIA,ATALANTA,29,83,6,84
CMF,J. BRANDT,GERMANY,FREE AGENTS,24,87,6,84
CB,M. GINTER,GERMANY,FREE AGENTS,26,77,7,84
RWF,M. SABITZER,AUSTRIA,FREE AGENTS,26,86,6,84
AMF,M. ØDEGAARD,NORWAY,MADRID CHAMARTIN B,22,78,7,84
RMF,V. MOSES,NIGERIA,SPARTAK MOSKVA,30,80,6,78
CF,N. KALINIĆ,CROATIA,HELLAS VERONA,32,74,4,78
CMF,C. NOBOA,ECUADOR,SOCHI,35,72,5,78
CB,MARCELO,BRAZIL,OLYMPIQUE LYONNAIS,33,68,5,78
CF,A. KOKORIN,RUSSIA,SPARTAK MOSKVA,29,82,6,78
CF,T. PUKKI,FINLAND,NORWICH YG,30,83,5,78
CB,L. SIGALI,ARGENTINA,RACING CLUB,33,77,5,78
CMF,D. PRÖPPER,NETHERLANDS,BRIGHTON WB,29,68,5,78
CMF,N. GUDELJ,SERBIA,SEVILLA NERVIÓN BR,29,73,4,78
CMF,R. SORIANO,ITALY,BOLOGNA,29,78,5,78
CMF,F. DELPH,ENGLAND,EVERTON B,31,76,4,78
CB,VÍCTOR RUÍZ,SPAIN,SEVILLA TRIANA VB,31,69,5,78
AMF,J. TOORNSTRA,NETHERLANDS,FEYENOORD,31,72,6,78
CF,SERGI ENRICH,SPAIN,EIBAR AR,30,83,4,78
DMF,J. CORK,ENGLAND,BURNLEY RB,31,64,4,78
GK,R. FERNÁNDEZ,PARAGUAY,FREE AGENTS,32,64,6,78
GK,M. DÍAZ,ARGENTINA,TALLERES DE CÓRDOBA,34,67,6,78
CMF,P. PÉREZ,ARGENTINA,NEWELL'S OLD BOYS,35,66,6,78
CF,E. CHOUPO-MOTING,CAMEROON,FC BAYERN MÜNCHEN,31,81,6,78
DMF,A. ADEMI,NORTH MACEDONIA,DINAMO ZAGREB,29,74,7,78
CF,J. AYEW,GHANA,CRYSTAL PALACE RB,29,82,5,78
CB,S. KRYVTSOV,UKRAINE,SHAKHTAR DONETSK,29,72,6,78
CB,K. GLIK,POLAND,BENEVENTO,32,68,5,78
CMF,J. SHELVEY,ENGLAND,NEWCASTLE WB,28,68,6,78
CF,S. ROMERO,ARGENTINA,INDEPENDIENTE,32,70,4,78
LB,F. GHOULAM,ALGERIA,NAPOLI,29,80,5,78
LMF,N. REDMOND,ENGLAND,SOUTHAMPTON RW,26,85,5,78
RMF,A. TOWNSEND,ENGLAND,CRYSTAL PALACE RB,29,82,4,78
CMF,J. KURTIČ,SLOVENIA,PARMA,31,71,6,78
GK,M. DMITROVIĆ,SERBIA,EIBAR AR,28,65,4,78
CMF,P. HERNÁNDEZ,CHILE,INDEPENDIENTE,34,72,4,78
RMF,Ó. ROMERO,PARAGUAY,SAN LORENZO,28,77,5,78
DMF,FERNANDO,BRAZIL,BEIJING GUOAN,28,77,6,78
CB,JARDEL,BRAZIL,BENFICA,34,67,6,78
CF,JORGE MOLINA,SPAIN,GRANADA RB,38,68,5,78
CF,ZÉ LUÍS,CAPE VERDE,LOKOMOTIV MOSKVA,29,81,5,78
CB,RODRIGO MOLEDO,BRAZIL,INTERNACIONAL,33,77,6,78
CF,M. GABBIADINI,ITALY,SAMPDORIA,29,77,5,78
RB,ANDRÉ ALMEIDA,PORTUGAL,BENFICA,30,77,7,78
DMF,F. RINAUDO,ARGENTINA,ROSARIO CENTRAL,33,72,5,78
CF,DJANINY TAVARES,CAPE VERDE,TRABZONSPOR,29,86,7,78
RB,D. SUÁREZ,URUGUAY,GETAFE A,32,84,5,78
CB,LUÍS NETO,PORTUGAL,SPORTING CP,32,73,5,78
CB,S. KVERKVELIA,GEORGIA,ROTOR VOLGOGRAD,28,77,6,78
LB,R. BERTRAND,ENGLAND,SOUTHAMPTON RW,31,78,4,78
LB,B. DAVIES,WALES,TOTTENHAM WB,27,75,5,78
LB,FERNANDO MARÇAL,BRAZIL,WOLVERHAMPTON YB,31,78,5,78
CB,PEDRO MENDES,PORTUGAL,MONTPELLIER,30,77,5,78
CMF,EDENÍLSON,BRAZIL,INTERNACIONAL,31,83,5,78
CF,G. CANO,ARGENTINA,VASCO DA GAMA,32,73,6,78
CF,E. ÁVILA,ARGENTINA,PAMPLONA RA,26,83,6,78
CF,R. ÁBILA,ARGENTINA,BOCA JUNIORS,31,76,5,78
GK,A. ROSSI,ARGENTINA,BOCA JUNIORS,25,66,6,78
CF,E. SHOMURODOV,UZBEKISTAN,GENOA,25,88,5,78
LB,JORGE,BRAZIL,BASEL,24,79,5,78
CB,ANDREI GIROTTO,BRAZIL,NANTES,28,71,5,78
CF,JOELINTON,BRAZIL,NEWCASTLE WB,24,81,5,78
LWF,M. SIMON,NIGERIA,NANTES,25,91,5,78
CF,G. PACIÊNCIA,PORTUGAL,SCHALKE 04,26,71,5,78
LWF,B. VERBIČ,SLOVENIA,DYNAMO KYIV,27,82,5,78
CMF,S. FOFANA,CÔTE D'IVOIRE,RC LENS,25,83,5,78
LWF,DANIEL PODENCE,PORTUGAL,WOLVERHAMPTON YB,25,83,4,78
RWF,G. KERK,NETHERLANDS,UTRECHT,25,87,5,78
CB,DOMINGOS DUARTE,PORTUGAL,GRANADA RB,25,72,5,78
CMF,G. CASTROVILLI,ITALY,FIORENTINA,23,77,5,78
CF,J. NSAME,CAMEROON,YOUNG BOYS,27,78,6,78
CB,C. HÉRELLE,FRANCE,BREST,28,74,5,78
CF,JOSELU,SPAIN,ÁLAVA AB,30,74,6,78
RMF,H. WILSON,WALES,CARDIFF B,23,83,5,78
CF,H. DIALLO,SENEGAL,STRASBOURG,25,79,6,78
CB,C. JULLIEN,FRANCE,CELTIC,27,77,6,78
RB,H. TRAORÉ,MALI,RENNES,28,82,5,78
DMF,JOÃO PALHINHA,PORTUGAL,SPORTING CP,25,72,6,78
CB,M. HOLGATE,ENGLAND,EVERTON B,24,75,5,78
RWF,WANDERSON,BRAZIL,KRASNODAR,26,85,5,78
CF,R. YAREMCHUK,UKRAINE,GENT,25,80,6,78
LB,B. CUFRÉ,ARGENTINA,MALLORCA RN,24,82,5,78
RB,G. MONTIEL,ARGENTINA,RIVER PLATE,23,82,6,78
GK,T. KOUBEK,CZECH REPUBLIC,FREE AGENTS,28,60,5,78
CMF,M. ROG,CROATIA,CAGLIARI,25,79,4,78
CMF,M. GRUJIĆ,SERBIA,PORTO,24,71,5,78
RWF,D. JAMES,WALES,MANCHESTER UNITED,23,94,5,78
CB,M. SENESI,ARGENTINA,FEYENOORD,23,76,5,78
CB,C. ROMERO,ARGENTINA,ATALANTA,22,74,5,78
CMF,CARLES ALEÑÁ,SPAIN,FC BARCELONA,22,75,4,78
CF,M. DÍAZ,DOMINICAN REPUBLIC,MADRID CHAMARTIN B,27,83,5,78
CF,PEDRO,BRAZIL,FLAMENGO,23,77,5,78
CB,J. VESTERGAARD,DENMARK,SOUTHAMPTON RW,28,61,4,78
CB,F. TOMORI,ENGLAND,CHELSEA B,23,77,5,78
CB,B. MECHELE,BELGIUM,CLUB BRUGGE,27,76,7,78
CF,L. AJORQUE,FRANCE,STRASBOURG,26,75,5,78
GK,B. DRĄGOWSKI,POLAND,FIORENTINA,23,64,5,78
SS,C. KOUAMÉ,CÔTE D'IVOIRE,FIORENTINA,23,84,5,78
LWF,M. TERRIER,FRANCE,RENNES,23,81,5,78
DMF,MARC ROCA,SPAIN,FC BAYERN MÜNCHEN,24,69,4,78
CF,Y. EN-NESYRI,MOROCCO,SEVILLA NERVIÓN BR,23,84,5,78
RWF,C. STENGS,NETHERLANDS,AZ,22,80,5,78
DMF,XEKA,PORTUGAL,LILLE,26,70,5,78
LMF,H. BARNES,ENGLAND,LEICESTER B,23,85,5,78
CMF,WENDEL,BRAZIL,ZENIT,23,77,6,78
CF,AI KESEN,CHINA,GUANGZHOU EVERGRANDE,31,79,7,78
LB,REINALDO,BRAZIL,SÃO PAULO,31,81,6,78
CMF,A. LALLANA,ENGLAND,BRIGHTON WB,32,73,4,78
CMF,J. WARD-PROWSE,ENGLAND,SOUTHAMPTON RW,26,68,6,78
AMF,K. FORTOUNIS,GREECE,OLYMPIAKOS PIRAEUS,28,78,5,78
GK,L. UNNERSTALL,GERMANY,PSV,30,59,5,78
AMF,JONATHAN VIERA,SPAIN,BEIJING GUOAN,31,77,8,78
CB,S. DENSWIL,NETHERLANDS,BOLOGNA,27,74,5,78
CB,GUSTAVO HENRIQUE,BRAZIL,FLAMENGO,27,72,5,78
GK,RUI SILVA,PORTUGAL,GRANADA RB,26,66,5,78
AMF,RAFINHA,BRAZIL,PSG,27,74,6,78
GK,ADRIÁN,SPAIN,LIVERPOOL R,33,65,3,78
CMF,ÓLIVER TORRES,SPAIN,SEVILLA NERVIÓN BR,26,76,5,78
CB,C. CHAMBERS,ENGLAND,ARSENAL,25,77,5,78
LWF,D. MACHÍS,VENEZUELA,GRANADA RB,27,87,6,78
CF,N. MAUPAY,FRANCE,BRIGHTON WB,24,75,5,78
CF,ROGER MARTÍ,SPAIN,LEVANTE RA,29,80,5,78
SS,N. DE PRÉVILLE,FRANCE,BORDEAUX,29,78,5,78
DMF,L. ROMERO,ARGENTINA,INDEPENDIENTE,26,72,6,78
AMF,G. PEREIRO,URUGUAY,CAGLIARI,25,77,5,78
RWF,Á. ROMERO,PARAGUAY,SAN LORENZO,28,80,7,78
LWF,O. SHATOV,RUSSIA,RUBIN KAZAN,30,84,4,78
LB,JAUME COSTA,SPAIN,VILLARREAL A,32,78,5,78
CMF,O. TUFAN,TURKEY,FENERBAHÇE,25,77,6,78
CB,P. DÍAZ,CHILE,RIVER PLATE,26,82,5,78
CF,L. PAVOLETTI,ITALY,CAGLIARI,32,72,5,78
CB,F. SCHÄR,SWITZERLAND,NEWCASTLE WB,29,66,5,78
CMF,K. LINETTY,POLAND,TORINO,25,74,5,78
DMF,A. SAMARIS,GREECE,BENFICA,31,70,6,78
AMF,R. SAPONARA,ITALY,FIORENTINA,29,77,3,78
CMF,E. KALINSKI,ARGENTINA,ESTUDIANTES,33,72,7,78
RB,J. BUFFARINI,ARGENTINA,BOCA JUNIORS,32,84,6,78
GK,G. HERRERA,ARGENTINA,YENİ MALATYASPOR,28,70,6,78
RWF,E. RIGONI,ARGENTINA,ELCHE BV,27,84,4,78
LWF,D. CHERYSHEV,RUSSIA,VALENCIA BN,30,83,4,78
CMF,D. BASELLI,ITALY,TORINO,28,76,5,78
GK,Ł. SKORUPSKI,POLAND,BOLOGNA,29,59,4,78
CMF,DARDER,SPAIN,LLOBREGAT AB,27,72,5,78
RWF,A. JANUZAJ,BELGIUM,VASCO GIPUZKOA AB,25,78,5,78
LB,J. AMAVI,FRANCE,OLYMPIQUE MARSEILLE,26,83,5,78
CF,SANTI MINA,SPAIN,VIGO AB,25,80,4,78
CF,R. INGLESE,ITALY,PARMA,29,71,4,78
CF,M. BRAITHWAITE,DENMARK,FC BARCELONA,29,85,5,78
CF,G. SIMEONE,ARGENTINA,CAGLIARI,25,77,5,78
GK,JOSÉ SÁ,PORTUGAL,OLYMPIAKOS PIRAEUS,27,64,6,78
LB,NUNO SEQUEIRA,PORTUGAL,SPORTING BRAGA,30,75,7,78
LB,WENDELL,BRAZIL,BAYER LEVERKUSEN,27,80,4,78
SS,PAULINHO,PORTUGAL,SPORTING BRAGA,28,75,6,78
CMF,R. GAGLIARDINI,ITALY,LOMBARDIA NA,26,74,5,78
AMF,RODRIGUINHO,BRAZIL,BAHIA,32,72,4,78
RB,G. DI LORENZO,ITALY,NAPOLI,27,83,6,82
CMF,K. DEMIRBAY,GERMANY,BAYER LEVERKUSEN,27,71,6,82
LWF,ANSU FATI,SPAIN,FC BARCELONA,18,87,5,82
CF,M. ARNAUTOVIĆ,AUSTRIA,SHANGHAI SIPG,31,83,8,82
AMF,OSCAR,BRAZIL,SHANGHAI SIPG,29,77,8,82
CMF,PAULINHO,BRAZIL,GUANGZHOU EVERGRANDE,32,75,6,82
SS,C. TEVEZ,ARGENTINA,BOCA JUNIORS,36,75,6,81
RB,NAVAS,SPAIN,SEVILLA NERVIÓN BR,35,87,6,81
LWF,F. RIBÉRY,FRANCE,FIORENTINA,37,79,6,81
CB,PEPE,PORTUGAL,PORTO,37,75,7,81
LB,FILIPE LUÍS,BRAZIL,FLAMENGO,35,78,5,81
RWF,HULK,BRAZIL,SHANGHAI SIPG,34,80,7,81
CMF,J. SOSA,ARGENTINA,FENERBAHÇE,35,70,7,81
DMF,FERNANDO,BRAZIL,SEVILLA NERVIÓN BR,33,71,6,81
GK,DIEGO ALVES,BRAZIL,FLAMENGO,35,58,6,81
CMF,M. SISSOKO,FRANCE,TOTTENHAM WB,31,85,4,81
RWF,S. FEGHOULI,ALGERIA,GALATASARAY,31,82,6,81
CF,M. SUÁREZ,ARGENTINA,RIVER PLATE,32,78,5,81
LMF,S. EL SHAARAWY,ITALY,SHANGHAI SHENHUA,28,85,5,81
CF,F. CAPUTO,ITALY,SASSUOLO,33,80,6,81
CMF,T. DELANEY,DENMARK,FREE AGENTS,29,72,6,81
AMF,A. LJAJIĆ,SERBIA,BEŞİKTAŞ,29,76,5,81
DMF,F. COQUELIN,FRANCE,VILLARREAL A,29,75,5,81
CB,L. KOSCIELNY,FRANCE,BORDEAUX,35,74,4,81
CMF,S. KHEDIRA,GERMANY,JUVENTUS,33,74,4,81
GK,M. PERIN,ITALY,GENOA,28,66,5,81
CB,N. OTAMENDI,ARGENTINA,BENFICA,32,75,5,81
CB,Y. RAKITSKIY,UKRAINE,ZENIT,31,75,6,81
AMF,R. CABELLA,FRANCE,KRASNODAR,30,80,5,81
RWF,E. SALVIO,ARGENTINA,BOCA JUNIORS,30,86,6,81
CB,J. MATIP,CAMEROON,LIVERPOOL R,29,73,6,81
DMF,E. PÉREZ,ARGENTINA,RIVER PLATE,34,71,6,81
GK,A. AREOLA,FRANCE,FULHAM W,27,63,4,81
DMF,ILLARRAMENDI,SPAIN,VASCO GIPUZKOA AB,30,67,5,81
CB,MARC BARTRA,SPAIN,SEVILLA TRIANA VB,29,78,6,81
CB,NACHO,SPAIN,MADRID CHAMARTIN B,30,82,5,81
SS,JOÃO PEDRO,BRAZIL,CAGLIARI,28,77,4,81
CB,S. SANÉ,SENEGAL,SCHALKE 04,30,73,5,81
LB,MARCOS ALONSO,SPAIN,CHELSEA B,30,77,7,81
RB,L. BENDER,GERMANY,BAYER LEVERKUSEN,31,72,7,81
LB,ISMAILY,BRAZIL,SHAKHTAR DONETSK,30,84,7,81
CMF,B. ANDRÉ,FRANCE,LILLE,30,77,6,81
DMF,G. KRYCHOWIAK,POLAND,LOKOMOTIV MOSKVA,30,77,6,81
CB,K. ZOUMA,FRANCE,CHELSEA B,26,80,5,81
CMF,CAMPAÑA,SPAIN,LEVANTE RA,27,70,6,81
CF,S. HALLER,FRANCE,WEST HAM RB,26,80,6,81
GK,T. VACLÍK,CZECH REPUBLIC,SEVILLA NERVIÓN BR,31,62,5,81
CB,V. CUESTA,ARGENTINA,INTERNACIONAL,32,75,6,81
GK,F. ARMANI,ARGENTINA,RIVER PLATE,34,65,6,81
CMF,M. VECINO,URUGUAY,LOMBARDIA NA,29,75,5,81
LMF,D. BOUANGA,GABON,SAINT-ÉTIENNE,26,86,6,79
CB,L. MARTÍNEZ QUARTA,ARGENTINA,FIORENTINA,24,79,5,79
DMF,A. DIAWARA,GUINEA,ROMA,23,75,5,79
CMF,P. LEES MELOU,FRANCE,NICE,27,77,6,79
LWF,S. VILLA,COLOMBIA,BOCA JUNIORS,24,90,5,79
LB,N. SCHULZ,GERMANY,FREE AGENTS,27,90,5,79
DMF,J. LERMA,COLOMBIA,BOURNEMOUTH RB,26,77,5,79
LMF,PABLO FORNALS,SPAIN,WEST HAM RB,24,73,5,79
LWF,O. IDRISSI,MOROCCO,SEVILLA NERVIÓN BR,24,83,4,79
CB,B. DJIMSITI,ALBANIA,ATALANTA,27,73,6,79
CB,GABRIEL MAGALHÃES,BRAZIL,ARSENAL,23,74,6,79
DMF,BADOU N'DIAYE,SENEGAL,FATİH KARAGÜMRÜK,30,74,5,79
CMF,N. MAKSIMOVIĆ,SERBIA,GETAFE A,25,77,5,79
DMF,ZUBELDÍA,SPAIN,VASCO GIPUZKOA AB,23,70,5,79
CB,N. MILENKOVIĆ,SERBIA,FIORENTINA,23,76,5,79
CF,N. BUSTOS,ARGENTINA,GIRONA R,22,85,5,79
CF,F. CHALOV,RUSSIA,CSKA MOSKVA,22,83,5,79
CF,WESLEY,BRAZIL,ASTON RB,24,81,5,79
GK,A. NÜBEL,GERMANY,FC BAYERN MÜNCHEN,24,64,5,79
CF,K. DOLBERG,DENMARK,NICE,23,79,5,79
RMF,I. SARR,SENEGAL,WATFORD BY,22,94,5,79
RB,F. BUSTOS,ARGENTINA,INDEPENDIENTE,24,85,5,79
RB,EMERSON,BRAZIL,SEVILLA TRIANA VB,21,85,5,79
CF,A. ISAK,SWEDEN,VASCO GIPUZKOA AB,21,85,4,79
LWF,L. BAILEY,JAMAICA,BAYER LEVERKUSEN,23,89,4,79
DMF,F. GRILLITSCH,AUSTRIA,FREE AGENTS,25,76,6,79
GK,A. LUNEV,RUSSIA,ZENIT,29,58,5,79
CMF,W. MCKENNIE,USA,JUVENTUS,22,82,6,79
RB,T. CASTAGNE,BELGIUM,LEICESTER B,25,82,5,79
AMF,Z. BAKAEV,RUSSIA,SPARTAK MOSKVA,24,85,5,79
CF,D. MALEN,NETHERLANDS,PSV,21,87,5,79
DMF,T. SOUČEK,CZECH REPUBLIC,WEST HAM RB,25,73,4,79
DMF,S. TONALI,ITALY,MILANO RN,20,76,6,79
CF,LOREN MORÓN,SPAIN,SEVILLA TRIANA VB,27,75,5,79
DMF,T. KOOPMEINERS,NETHERLANDS,AZ,22,71,6,79
LWF,C. HUDSON-ODOI,ENGLAND,CHELSEA B,20,90,5,79
RWF,R. SKOV,DENMARK,FREE AGENTS,24,82,7,79
CF,V. MURIQI,KOSOVO,LAZIO,26,71,6,79
LWF,M. DIABY,FRANCE,BAYER LEVERKUSEN,21,90,5,79
AMF,ANTON MIRANCHUK,RUSSIA,LOKOMOTIV MOSKVA,25,82,5,79
CB,O. KABAK,TURKEY,SCHALKE 04,20,82,6,79
SS,J. DAVID,CANADA,LILLE,20,85,5,79
CF,CARLOS VINÍCIUS,BRAZIL,TOTTENHAM WB,25,78,5,79
CB,M. DEMIRAL,TURKEY,JUVENTUS,22,75,5,79
CB,E. TAPSOBA,BURKINA FASO,BAYER LEVERKUSEN,21,72,5,79
AMF,N. AMIRI,GERMANY,BAYER LEVERKUSEN,24,80,5,79
SS,L. WALDSCHMIDT,GERMANY,BENFICA,24,79,5,79
CB,MAICON,BRAZIL,AL NASSR,32,63,5,79
DMF,JOSEF DE SOUZA,BRAZIL,AL AHLI SAUDI,31,74,7,79
CF,A. HAMDALLAH,MOROCCO,AL RAYYAN,30,79,7,79
DMF,N. DOMÍNGUEZ,ARGENTINA,RACING CLUB,30,68,5,77
GK,OIER,SPAIN,LLOBREGAT AB,31,61,5,77
CB,W. TROOST-EKONG,NIGERIA,WATFORD BY,27,69,6,77
CB,J. MURILLO,COLOMBIA,VIGO AB,28,74,6,77
RB,I. SMOLNIKOV,RUSSIA,KRASNODAR,32,86,5,77
CF,A. HUNOU,FRANCE,RENNES,26,78,5,77
CMF,R. BATTAGLIA,ARGENTINA,ÁLAVA AB,29,72,5,77
LB,E. MÁS,ARGENTINA,BOCA JUNIORS,31,82,5,77
CMF,F. QUIGNÓN,ARGENTINA,LANÚS,27,73,6,77
LWF,RICARDO HORTA,PORTUGAL,SPORTING BRAGA,26,75,5,77
RB,J. ANGULO,COLOMBIA,DEPORTIVO CALI,32,79,7,77
CF,M. DIAGNE,SENEGAL,GALATASARAY,29,75,5,77
DMF,J. HENDRIX,NETHERLANDS,PSV,25,75,5,77
LB,E. GÓMEZ,ARGENTINA,ARGENTINOS JUNIORS,26,81,5,77
CB,E. MAMMANA,ARGENTINA,SOCHI,24,78,5,77
AMF,J. LINGARD,ENGLAND,MANCHESTER UNITED,28,79,4,77
LB,L. OLAZA,URUGUAY,VIGO AB,26,78,6,77
CB,PATRIC,SPAIN,LAZIO,27,80,5,77
LWF,F. CERVI,ARGENTINA,BENFICA,26,89,5,77
RB,V. KARAVAEV,RUSSIA,ZENIT,25,78,5,77
SS,LUAN,BRAZIL,CORINTHIANS,27,75,6,77
LWF,E. CARDONA,COLOMBIA,BOCA JUNIORS,28,67,5,77
LWF,A. ROA,COLOMBIA,INDEPENDIENTE,27,76,5,77
CB,F. BALBUENA,PARAGUAY,WEST HAM RB,29,70,4,77
GK,A. OUKIDJA,ALGERIA,METZ,32,61,6,77
CF,S. ZAZA,ITALY,TORINO,29,77,3,77
CB,DAVID LÓPEZ,SPAIN,LLOBREGAT AB,31,69,4,77
CF,EDUARDO SASHA,BRAZIL,ATLÉTICO MINEIRO,28,78,5,77
LB,A. PAROT,CHILE,UNIVERSIDAD CATÓLICA,31,76,6,77
AMF,RICARDO GOULART,BRAZIL,HEBEI CHINA FORTUNE,29,76,5,77
RB,C. PICCINI,ITALY,ATALANTA,28,80,5,77
GK,M. SILVESTRI,ITALY,HELLAS VERONA,29,64,5,77
LB,C. BIRAGHI,ITALY,FIORENTINA,28,79,5,77
RWF,GEUVÂNIO,BRAZIL,ATHLETICO PARANAENSE,28,83,4,77
RB,GILBERTO,BRAZIL,BENFICA,27,81,4,77
AMF,F. FRAGAPANE,ARGENTINA,TALLERES DE CÓRDOBA,27,83,5,77
RWF,A. IONOV,RUSSIA,KRASNODAR,31,83,6,77
LB,A. CRESSWELL,ENGLAND,WEST HAM RB,31,75,4,77
RB,D. ZAPPACOSTA,ITALY,GENOA,28,79,6,77
CB,R. THOMAS,FRANCE,ANGERS,32,65,7,77
RWF,RONY LOPES,PORTUGAL,NICE,25,80,6,77
CMF,W. HUGHES,ENGLAND,WATFORD BY,25,71,5,77
RMF,J. HENDRICK,IRELAND,NEWCASTLE WB,28,75,4,77
CB,BUSTINZA,SPAIN,LEGANÉS AB,28,78,5,77
AMF,BOSCHILIA,BRAZIL,INTERNACIONAL,24,78,5,77
RMF,D. GRAY,ENGLAND,LEICESTER B,24,89,4,77
CF,A. BARNES,ENGLAND,BURNLEY RB,31,72,5,77
LB,ÁLEX MORENO,SPAIN,SEVILLA TRIANA VB,27,88,4,77
CB,S. COOK,ENGLAND,BOURNEMOUTH RB,29,71,5,77
CMF,L. MIRANDA,ARGENTINA,RACING CLUB,26,74,5,77
RWF,L. MESSI,ARGENTINA,FC BARCELONA,33,81,8,94
LWF,C. RONALDO,PORTUGAL,JUVENTUS,35,85,7,93
CF,R. LEWANDOWSKI,POLAND,FC BAYERN MÜNCHEN,32,83,8,92
LWF,NEYMAR,BRAZIL,PSG,28,86,6,92
AMF,K. DE BRUYNE,BELGIUM,MANCHESTER B,29,79,8,92
GK,J. OBLAK,SLOVENIA,MADRID ROSAS RB,27,65,5,91
CB,V. VAN DIJK,NETHERLANDS,LIVERPOOL R,29,79,7,91
CF,K. MBAPPÉ,FRANCE,PSG,22,96,7,91
CB,SERGIO RAMOS,SPAIN,MADRID CHAMARTIN B,34,79,6,90
CF,S. AGÜERO,ARGENTINA,MANCHESTER B,32,83,7,90
LWF,S. MANÉ,SENEGAL,LIVERPOOL R,28,94,7,90
GK,ALISSON,BRAZIL,LIVERPOOL R,28,65,6,90
GK,M. NEUER,GERMANY,FC BAYERN MÜNCHEN,34,60,7,89
CF,L. SUÁREZ,URUGUAY,MADRID ROSAS RB,33,70,6,89
CF,P. AUBAMEYANG,GABON,ARSENAL,31,96,6,89
DMF,CASEMIRO,BRAZIL,MADRID CHAMARTIN B,28,75,7,89
CF,H. KANE,ENGLAND,TOTTENHAM WB,27,78,6,89
RWF,M. SALAH,EGYPT,LIVERPOOL R,28,92,7,89
GK,M. TER STEGEN,GERMANY,FC BARCELONA,28,65,5,89
CF,K. BENZEMA,FRANCE,MADRID CHAMARTIN B,33,80,7,88
CMF,T. KROOS,GERMANY,MADRID CHAMARTIN B,30,72,8,88
LWF,E. HAZARD,BELGIUM,MADRID CHAMARTIN B,29,87,6,88
DMF,BUSQUETS,SPAIN,FC BARCELONA,32,67,7,88
GK,DAVID DE GEA,SPAIN,MANCHESTER UNITED,30,66,5,88
CMF,THIAGO,SPAIN,LIVERPOOL R,29,72,6,88
LWF,A. GRIEZMANN,FRANCE,FC BARCELONA,29,80,6,88
CB,R. VARANE,FRANCE,MADRID CHAMARTIN B,27,86,6,88
GK,T. COURTOIS,BELGIUM,MADRID CHAMARTIN B,28,62,6,88
LWF,R. STERLING,ENGLAND,MANCHESTER B,26,92,6,88
GK,EDERSON,BRAZIL,MANCHESTER B,27,66,5,88
SS,P. DYBALA,ARGENTINA,JUVENTUS,27,82,7,88
CMF,N. KANTÉ,FRANCE,CHELSEA B,29,80,5,88
DMF,J. KIMMICH,GERMANY,FC BAYERN MÜNCHEN,25,80,7,88
CB,PIQUÉ,SPAIN,FC BARCELONA,33,76,6,87
GK,S. HANDANOVIČ,SLOVENIA,LOMBARDIA NA,36,63,6,87
RWF,Á. DI MARÍA,ARGENTINA,PSG,32,84,7,87
GK,W. SZCZĘSNY,POLAND,JUVENTUS,30,64,6,87
CF,C. IMMOBILE,ITALY,LAZIO,30,84,7,87
CB,D. ALABA,AUSTRIA,FC BAYERN MÜNCHEN,28,87,7,87
LMF,SON HEUNG-MIN,REPUBLIC OF KOREA,TOTTENHAM WB,28,91,6,87
DMF,MARQUINHOS,BRAZIL,PSG,26,84,6,87
CMF,M. VERRATTI,ITALY,PSG,28,73,6,87
AMF,BRUNO FERNANDES,PORTUGAL,MANCHESTER UNITED,26,79,7,87
RWF,S. GNABRY,GERMANY,FC BAYERN MÜNCHEN,25,87,7,87
CMF,SAÚL,SPAIN,MADRID ROSAS RB,26,79,6,87
CB,K. KOULIBALY,SENEGAL,NAPOLI,29,86,5,87
RWF,BERNARDO SILVA,PORTUGAL,MANCHESTER B,26,76,6,87
CF,ROBERTO FIRMINO,BRAZIL,LIVERPOOL R,29,81,6,87
CMF,F. DE JONG,NETHERLANDS,FC BARCELONA,23,81,5,87
RB,T. ALEXANDER-ARNOLD,ENGLAND,LIVERPOOL R,22,86,7,87
